INSERT INTO Fall25_S0003_T1_College (Name, College_ID, Phone, Email) VALUES ('Smithshire University', '75844640', '9796839202', 'SmithshireUniversity@edu.com');
INSERT INTO Fall25_S0003_T1_College (Name, College_ID, Phone, Email) VALUES ('Wrightchester University', '05430955', '2330233895', 'WrightchesterUniversity@edu.com');
INSERT INTO Fall25_S0003_T1_College (Name, College_ID, Phone, Email) VALUES ('Makaylaland University', '70806238', '1771644118', 'MakaylalandUniversity@edu.com');
INSERT INTO Fall25_S0003_T1_College (Name, College_ID, Phone, Email) VALUES ('South Virginiaville University', '37045348', '6155828688', 'SouthVirginiavilleUniversity@edu.com');
INSERT INTO Fall25_S0003_T1_College (Name, College_ID, Phone, Email) VALUES ('North Kellychester University', '02801097', '7306784399', 'NorthKellychesterUniversity@edu.com');
INSERT INTO Fall25_S0003_T1_College (Name, College_ID, Phone, Email) VALUES ('Waltersshire University', '44699889', '8976290359', 'WaltersshireUniversity@edu.com');
INSERT INTO Fall25_S0003_T1_College (Name, College_ID, Phone, Email) VALUES ('Phillipsberg University', '00149083', '8456365265', 'PhillipsbergUniversity@edu.com');
INSERT INTO Fall25_S0003_T1_College (Name, College_ID, Phone, Email) VALUES ('Lake Timothy University', '65978632', '0732282610', 'LakeTimothyUniversity@edu.com');
INSERT INTO Fall25_S0003_T1_College (Name, College_ID, Phone, Email) VALUES ('West Jesse University', '22166882', '5768380324', 'WestJesseUniversity@edu.com');
INSERT INTO Fall25_S0003_T1_College (Name, College_ID, Phone, Email) VALUES ('East Suzanne University', '17438131', '5097681153', 'EastSuzanneUniversity@edu.com');
INSERT INTO Fall25_S0003_T1_College (Name, College_ID, Phone, Email) VALUES ('South Carlmouth University', '21183528', '7055368300', 'SouthCarlmouthUniversity@edu.com');
INSERT INTO Fall25_S0003_T1_College (Name, College_ID, Phone, Email) VALUES ('Brandyview University', '95213610', '6032926595', 'BrandyviewUniversity@edu.com');
INSERT INTO Fall25_S0003_T1_College (Name, College_ID, Phone, Email) VALUES ('South Tanyahaven University', '48985069', '7858350738', 'SouthTanyahavenUniversity@edu.com');
INSERT INTO Fall25_S0003_T1_College (Name, College_ID, Phone, Email) VALUES ('Christopherburgh University', '36679744', '3314388179', 'ChristopherburghUniversity@edu.com');
INSERT INTO Fall25_S0003_T1_College (Name, College_ID, Phone, Email) VALUES ('Washingtonhaven University', '77845927', '5456731565', 'WashingtonhavenUniversity@edu.com');
INSERT INTO Fall25_S0003_T1_College (Name, College_ID, Phone, Email) VALUES ('Welchport University', '80453847', '0511751884', 'WelchportUniversity@edu.com');
INSERT INTO Fall25_S0003_T1_College (Name, College_ID, Phone, Email) VALUES ('Hughesburgh University', '79750341', '2070935782', 'HughesburghUniversity@edu.com');
INSERT INTO Fall25_S0003_T1_College (Name, College_ID, Phone, Email) VALUES ('West Leslie University', '83768419', '6007475656', 'WestLeslieUniversity@edu.com');
INSERT INTO Fall25_S0003_T1_College (Name, College_ID, Phone, Email) VALUES ('Williamview University', '36112541', '0357319904', 'WilliamviewUniversity@edu.com');
INSERT INTO Fall25_S0003_T1_College (Name, College_ID, Phone, Email) VALUES ('Warnerchester University', '27467147', '6967193817', 'WarnerchesterUniversity@edu.com');
INSERT INTO Fall25_S0003_T1_College (Name, College_ID, Phone, Email) VALUES ('Port Dennisbury University', '30513341', '9836021631', 'PortDennisburyUniversity@edu.com');
INSERT INTO Fall25_S0003_T1_College (Name, College_ID, Phone, Email) VALUES ('Port Erikatown University', '51542993', '7975939518', 'PortErikatownUniversity@edu.com');
INSERT INTO Fall25_S0003_T1_College (Name, College_ID, Phone, Email) VALUES ('Archerfurt University', '94427691', '8299977566', 'ArcherfurtUniversity@edu.com');
INSERT INTO Fall25_S0003_T1_College (Name, College_ID, Phone, Email) VALUES ('Barnesville University', '88470415', '9459231785', 'BarnesvilleUniversity@edu.com');
INSERT INTO Fall25_S0003_T1_College (Name, College_ID, Phone, Email) VALUES ('Angelaview University', '62027432', '6176318628', 'AngelaviewUniversity@edu.com');
INSERT INTO Fall25_S0003_T1_College (Name, College_ID, Phone, Email) VALUES ('Reidtown University', '45756044', '1387338140', 'ReidtownUniversity@edu.com');
INSERT INTO Fall25_S0003_T1_College (Name, College_ID, Phone, Email) VALUES ('Wilsonberg University', '06750406', '7965509167', 'WilsonbergUniversity@edu.com');
INSERT INTO Fall25_S0003_T1_College (Name, College_ID, Phone, Email) VALUES ('North Chad University', '94442988', '2048636346', 'NorthChadUniversity@edu.com');
INSERT INTO Fall25_S0003_T1_College (Name, College_ID, Phone, Email) VALUES ('New Philip University', '05512682', '9016682533', 'NewPhilipUniversity@edu.com');
INSERT INTO Fall25_S0003_T1_College (Name, College_ID, Phone, Email) VALUES ('South Amy University', '68618858', '9676320794', 'SouthAmyUniversity@edu.com');
INSERT INTO Fall25_S0003_T1_College (Name, College_ID, Phone, Email) VALUES ('Markchester University', '43310179', '0382100330', 'MarkchesterUniversity@edu.com');
INSERT INTO Fall25_S0003_T1_College (Name, College_ID, Phone, Email) VALUES ('Michaelbury University', '75071765', '7863308162', 'MichaelburyUniversity@edu.com');
INSERT INTO Fall25_S0003_T1_College (Name, College_ID, Phone, Email) VALUES ('South Nicoleville University', '49862927', '4619768409', 'SouthNicolevilleUniversity@edu.com');
INSERT INTO Fall25_S0003_T1_College (Name, College_ID, Phone, Email) VALUES ('Schwartzberg University', '29704342', '6059882276', 'SchwartzbergUniversity@edu.com');
INSERT INTO Fall25_S0003_T1_College (Name, College_ID, Phone, Email) VALUES ('Hessside University', '43605024', '1044011436', 'HesssideUniversity@edu.com');
INSERT INTO Fall25_S0003_T1_College (Name, College_ID, Phone, Email) VALUES ('New Nicolebury University', '92020617', '0308540489', 'NewNicoleburyUniversity@edu.com');
INSERT INTO Fall25_S0003_T1_College (Name, College_ID, Phone, Email) VALUES ('East Eileen University', '63444225', '8109382296', 'EastEileenUniversity@edu.com');
INSERT INTO Fall25_S0003_T1_College (Name, College_ID, Phone, Email) VALUES ('Derekhaven University', '71694155', '9224212499', 'DerekhavenUniversity@edu.com');
INSERT INTO Fall25_S0003_T1_College (Name, College_ID, Phone, Email) VALUES ('Braunmouth University', '37500099', '0877272214', 'BraunmouthUniversity@edu.com');
INSERT INTO Fall25_S0003_T1_College (Name, College_ID, Phone, Email) VALUES ('North Wayne University', '61925442', '9551544157', 'NorthWayneUniversity@edu.com');
INSERT INTO Fall25_S0003_T1_College (Name, College_ID, Phone, Email) VALUES ('Acostafurt University', '70297696', '3665129348', 'AcostafurtUniversity@edu.com');
INSERT INTO Fall25_S0003_T1_College (Name, College_ID, Phone, Email) VALUES ('Jilltown University', '96845393', '6460500163', 'JilltownUniversity@edu.com');
INSERT INTO Fall25_S0003_T1_College (Name, College_ID, Phone, Email) VALUES ('Michaelborough University', '54449924', '0295896353', 'MichaelboroughUniversity@edu.com');
INSERT INTO Fall25_S0003_T1_College (Name, College_ID, Phone, Email) VALUES ('Hendersonfort University', '40581597', '0384841373', 'HendersonfortUniversity@edu.com');
INSERT INTO Fall25_S0003_T1_College (Name, College_ID, Phone, Email) VALUES ('Kristenport University', '47353328', '9605081063', 'KristenportUniversity@edu.com');
INSERT INTO Fall25_S0003_T1_College (Name, College_ID, Phone, Email) VALUES ('Garciahaven University', '46615847', '6624248028', 'GarciahavenUniversity@edu.com');
INSERT INTO Fall25_S0003_T1_College (Name, College_ID, Phone, Email) VALUES ('Parkerville University', '58354387', '4316701589', 'ParkervilleUniversity@edu.com');
INSERT INTO Fall25_S0003_T1_College (Name, College_ID, Phone, Email) VALUES ('Goodmanhaven University', '55219577', '8289620568', 'GoodmanhavenUniversity@edu.com');
INSERT INTO Fall25_S0003_T1_College (Name, College_ID, Phone, Email) VALUES ('Hernandezside University', '74940275', '8647373145', 'HernandezsideUniversity@edu.com');
INSERT INTO Fall25_S0003_T1_College (Name, College_ID, Phone, Email) VALUES ('Port Victoriamouth University', '78034090', '6242739763', 'PortVictoriamouthUniversity@edu.com');
INSERT INTO FALL25_S0003_T1_Student(Name,Email,College_ID,Student_ID,Acad_Status,Major)VALUES ('Brad Frost','Brad.Frost@edu.com','75844640','25546850','Bachelor','History');
INSERT INTO FALL25_S0003_T1_Student(Name,Email,College_ID,Student_ID,Acad_Status,Major)VALUES ('Andrew Lynch','Andrew.Lynch@edu.com','05430955','86738191','PHD','History');
INSERT INTO FALL25_S0003_T1_Student(Name,Email,College_ID,Student_ID,Acad_Status,Major)VALUES ('Samuel Brown','Samuel.Brown@edu.com','70806238','08757611','Masters','Nurse');
INSERT INTO FALL25_S0003_T1_Student(Name,Email,College_ID,Student_ID,Acad_Status,Major)VALUES ('Kristi Clark','Kristi.Clark@edu.com','37045348','55567659','Associate','CS');
INSERT INTO FALL25_S0003_T1_Student(Name,Email,College_ID,Student_ID,Acad_Status,Major)VALUES ('Daniel Bowers','Daniel.Bowers@edu.com','02801097','36245968','Masters','Biology');
INSERT INTO FALL25_S0003_T1_Student(Name,Email,College_ID,Student_ID,Acad_Status,Major)VALUES ('Eric Mullins','Eric.Mullins@edu.com','44699889','54596816','Associate','Bussiness');
INSERT INTO FALL25_S0003_T1_Student(Name,Email,College_ID,Student_ID,Acad_Status,Major)VALUES ('Rebecca Juarez','Rebecca.Juarez@edu.com','00149083','47843710','Bachelor','Biology');
INSERT INTO FALL25_S0003_T1_Student(Name,Email,College_ID,Student_ID,Acad_Status,Major)VALUES ('Joseph Holt','Joseph.Holt@edu.com','65978632','79524992','PHD','Nurse');
INSERT INTO FALL25_S0003_T1_Student(Name,Email,College_ID,Student_ID,Acad_Status,Major)VALUES ('Keith Morgan','Keith.Morgan@edu.com','22166882','42983725','Associate','Nurse');
INSERT INTO FALL25_S0003_T1_Student(Name,Email,College_ID,Student_ID,Acad_Status,Major)VALUES ('Emma White','Emma.White@edu.com','17438131','67757549','PHD','CS');
INSERT INTO FALL25_S0003_T1_Student(Name,Email,College_ID,Student_ID,Acad_Status,Major)VALUES ('Gary Wallace','Gary.Wallace@edu.com','21183528','63397683','Associate','Nurse');
INSERT INTO FALL25_S0003_T1_Student(Name,Email,College_ID,Student_ID,Acad_Status,Major)VALUES ('Mindy King','Mindy.King@edu.com','95213610','21131090','Associate','Lawyer');
INSERT INTO FALL25_S0003_T1_Student(Name,Email,College_ID,Student_ID,Acad_Status,Major)VALUES ('Sandra Nelson','Sandra.Nelson@edu.com','48985069','09505482','Bachelor','Biology');
INSERT INTO FALL25_S0003_T1_Student(Name,Email,College_ID,Student_ID,Acad_Status,Major)VALUES ('Courtney Flynn','Courtney.Flynn@edu.com','36679744','16602667','PHD','Biology');
INSERT INTO FALL25_S0003_T1_Student(Name,Email,College_ID,Student_ID,Acad_Status,Major)VALUES ('Thomas Dawson','Thomas.Dawson@edu.com','77845927','11429521','Bachelor','Lawyer');
INSERT INTO FALL25_S0003_T1_Student(Name,Email,College_ID,Student_ID,Acad_Status,Major)VALUES ('Dennis Johnson','Dennis.Johnson@edu.com','80453847','63981829','PHD','History');
INSERT INTO FALL25_S0003_T1_Student(Name,Email,College_ID,Student_ID,Acad_Status,Major)VALUES ('Luke Simmons','Luke.Simmons@edu.com','79750341','71822623','PHD','Bussiness');
INSERT INTO FALL25_S0003_T1_Student(Name,Email,College_ID,Student_ID,Acad_Status,Major)VALUES ('Joseph Marquez','Joseph.Marquez@edu.com','83768419','56101338','Associate','Lawyer');
INSERT INTO FALL25_S0003_T1_Student(Name,Email,College_ID,Student_ID,Acad_Status,Major)VALUES ('Billy Edwards','Billy.Edwards@edu.com','36112541','12878792','Bachelor','Nurse');
INSERT INTO FALL25_S0003_T1_Student(Name,Email,College_ID,Student_ID,Acad_Status,Major)VALUES ('Jeremiah Jones','Jeremiah.Jones@edu.com','27467147','97798602','Associate','NULL');
INSERT INTO FALL25_S0003_T1_Student(Name,Email,College_ID,Student_ID,Acad_Status,Major)VALUES ('Gabriel Anderson','Gabriel.Anderson@edu.com','30513341','66990595','Masters','Nurse');
INSERT INTO FALL25_S0003_T1_Student(Name,Email,College_ID,Student_ID,Acad_Status,Major)VALUES ('Allen Taylor','Allen.Taylor@edu.com','51542993','28042779','Bachelor','Lawyer');
INSERT INTO FALL25_S0003_T1_Student(Name,Email,College_ID,Student_ID,Acad_Status,Major)VALUES ('Ashley Martinez','Ashley.Martinez@edu.com','94427691','03075716','Masters','CS');
INSERT INTO FALL25_S0003_T1_Student(Name,Email,College_ID,Student_ID,Acad_Status,Major)VALUES ('Hunter Smith','Hunter.Smith@edu.com','88470415','16265895','Masters','Lawyer');
INSERT INTO FALL25_S0003_T1_Student(Name,Email,College_ID,Student_ID,Acad_Status,Major)VALUES ('Nathan Mcdonald','Nathan.Mcdonald@edu.com','62027432','23439727','PHD','Bussiness');
INSERT INTO FALL25_S0003_T1_Student(Name,Email,College_ID,Student_ID,Acad_Status,Major)VALUES ('Brian Ashley','Brian.Ashley@edu.com','45756044','89387729','Masters','Nurse');
INSERT INTO FALL25_S0003_T1_Student(Name,Email,College_ID,Student_ID,Acad_Status,Major)VALUES ('Justin Carpenter','Justin.Carpenter@edu.com','06750406','29247854','Associate','Bussiness');
INSERT INTO FALL25_S0003_T1_Student(Name,Email,College_ID,Student_ID,Acad_Status,Major)VALUES ('Shane Rodriguez','Shane.Rodriguez@edu.com','94442988','42880414','Bachelor','Biology');
INSERT INTO FALL25_S0003_T1_Student(Name,Email,College_ID,Student_ID,Acad_Status,Major)VALUES ('Robert Foster','Robert.Foster@edu.com','05512682','28723467','PHD','History');
INSERT INTO FALL25_S0003_T1_Student(Name,Email,College_ID,Student_ID,Acad_Status,Major)VALUES ('Harry Castaneda','Harry.Castaneda@edu.com','68618858','58704195','PHD','Art');
INSERT INTO FALL25_S0003_T1_Student(Name,Email,College_ID,Student_ID,Acad_Status,Major)VALUES ('Joseph Wood','Joseph.Wood@edu.com','43310179','59808470','Associate','Art');
INSERT INTO FALL25_S0003_T1_Student(Name,Email,College_ID,Student_ID,Acad_Status,Major)VALUES ('Carl Alvarez','Carl.Alvarez@edu.com','75071765','13472729','PHD','Bussiness');
INSERT INTO FALL25_S0003_T1_Student(Name,Email,College_ID,Student_ID,Acad_Status,Major)VALUES ('James Whitehead PhD','James.Whitehead.PhD@edu.com','49862927','18945886','Bachelor','CS');
INSERT INTO FALL25_S0003_T1_Student(Name,Email,College_ID,Student_ID,Acad_Status,Major)VALUES ('Loretta Mitchell','Loretta.Mitchell@edu.com','29704342','13314348','Bachelor','Art');
INSERT INTO FALL25_S0003_T1_Student(Name,Email,College_ID,Student_ID,Acad_Status,Major)VALUES ('Robert Macias','Robert.Macias@edu.com','43605024','08158283','Masters','Art');
INSERT INTO FALL25_S0003_T1_Student(Name,Email,College_ID,Student_ID,Acad_Status,Major)VALUES ('Denise Mann','Denise.Mann@edu.com','92020617','56211554','PHD','Lawyer');
INSERT INTO FALL25_S0003_T1_Student(Name,Email,College_ID,Student_ID,Acad_Status,Major)VALUES ('Philip Jimenez','Philip.Jimenez@edu.com','63444225','84536973','Bachelor','Bussiness');
INSERT INTO FALL25_S0003_T1_Student(Name,Email,College_ID,Student_ID,Acad_Status,Major)VALUES ('Beverly Graham','Beverly.Graham@edu.com','71694155','75673968','Associate','CS');
INSERT INTO FALL25_S0003_T1_Student(Name,Email,College_ID,Student_ID,Acad_Status,Major)VALUES ('William Martinez','William.Martinez@edu.com','37500099','90759515','Associate','Biology');
INSERT INTO FALL25_S0003_T1_Student(Name,Email,College_ID,Student_ID,Acad_Status,Major)VALUES ('Jason Dixon Jr.','Jason.Dixon.Jr.@edu.com','61925442','68786385','PHD','Nurse');
INSERT INTO FALL25_S0003_T1_Student(Name,Email,College_ID,Student_ID,Acad_Status,Major)VALUES ('Meredith Ramos','Meredith.Ramos@edu.com','70297696','27962896','Associate','CS');
INSERT INTO FALL25_S0003_T1_Student(Name,Email,College_ID,Student_ID,Acad_Status,Major)VALUES ('Justin Holt','Justin.Holt@edu.com','96845393','80171778','PHD','NULL');
INSERT INTO FALL25_S0003_T1_Student(Name,Email,College_ID,Student_ID,Acad_Status,Major)VALUES ('Lori Ferrell','Lori.Ferrell@edu.com','54449924','24128502','PHD','Bussiness');
INSERT INTO FALL25_S0003_T1_Student(Name,Email,College_ID,Student_ID,Acad_Status,Major)VALUES ('Tristan Mendoza','Tristan.Mendoza@edu.com','40581597','58814268','Associate','Nurse');
INSERT INTO FALL25_S0003_T1_Student(Name,Email,College_ID,Student_ID,Acad_Status,Major)VALUES ('Jeffrey Nunez','Jeffrey.Nunez@edu.com','47353328','06617228','Associate','CS');
INSERT INTO FALL25_S0003_T1_Student(Name,Email,College_ID,Student_ID,Acad_Status,Major)VALUES ('Jennifer Johnson','Jennifer.Johnson@edu.com','46615847','12889564','Bachelor','CS');
INSERT INTO FALL25_S0003_T1_Student(Name,Email,College_ID,Student_ID,Acad_Status,Major)VALUES ('Lauren Evans','Lauren.Evans@edu.com','58354387','30110424','Associate','CS');
INSERT INTO FALL25_S0003_T1_Student(Name,Email,College_ID,Student_ID,Acad_Status,Major)VALUES ('Chelsea Arnold','Chelsea.Arnold@edu.com','55219577','71170803','PHD','Bussiness');
INSERT INTO FALL25_S0003_T1_Student(Name,Email,College_ID,Student_ID,Acad_Status,Major)VALUES ('Kevin Miller','Kevin.Miller@edu.com','74940275','25507443','Bachelor','NULL');
INSERT INTO FALL25_S0003_T1_Student(Name,Email,College_ID,Student_ID,Acad_Status,Major)VALUES ('Russell Smith Jr.','Russell.Smith.Jr.@edu.com','78034090','61353327','Masters','Lawyer');
INSERT INTO FALL25_S0003_T1_Content_Provider(Name,Content_ID,Phone,Email)VALUES ('Moore Inc','18737510','9985612993','Moore.Inc@bussines.com');
INSERT INTO FALL25_S0003_T1_Content_Provider(Name,Content_ID,Phone,Email)VALUES ('Ross-Russell','64866141','7900459378','Ross-Russell@bussines.com');
INSERT INTO FALL25_S0003_T1_Content_Provider(Name,Content_ID,Phone,Email)VALUES ('Jones LLC','41594165','2227860332','Jones.LLC@bussines.com');
INSERT INTO FALL25_S0003_T1_Content_Provider(Name,Content_ID,Phone,Email)VALUES ('Gardner, Grant and Lopez','26836900','9700234253','Gardner.Grant.and.Lopez@bussines.com');
INSERT INTO FALL25_S0003_T1_Content_Provider(Name,Content_ID,Phone,Email)VALUES ('Jensen-Cross','43138255','1556113846','Jensen-Cross@bussines.com');
INSERT INTO FALL25_S0003_T1_Content_Provider(Name,Content_ID,Phone,Email)VALUES ('York-Morales','32762523','6824522833','York-Morales@bussines.com');
INSERT INTO FALL25_S0003_T1_Content_Provider(Name,Content_ID,Phone,Email)VALUES ('Wood LLC','08927043','9396381793','Wood.LLC@bussines.com');
INSERT INTO FALL25_S0003_T1_Content_Provider(Name,Content_ID,Phone,Email)VALUES ('Owens, Moore and Gallagher','88269506','6738858255','Owens.Moore.and.Gallagher@bussines.com');
INSERT INTO FALL25_S0003_T1_Content_Provider(Name,Content_ID,Phone,Email)VALUES ('Dunn, Drake and Ramos','91586007','6819275799','Dunn.Drake.and.Ramos@bussines.com');
INSERT INTO FALL25_S0003_T1_Content_Provider(Name,Content_ID,Phone,Email)VALUES ('Cunningham LLC','08194002','5526110983','Cunningham.LLC@bussines.com');
INSERT INTO FALL25_S0003_T1_Content_Provider(Name,Content_ID,Phone,Email)VALUES ('Roy, Dunn and Luna','37712271','7407476096','Roy.Dunn.and.Luna@bussines.com');
INSERT INTO FALL25_S0003_T1_Content_Provider(Name,Content_ID,Phone,Email)VALUES ('Anderson-Wheeler','72510450','7952159344','Anderson-Wheeler@bussines.com');
INSERT INTO FALL25_S0003_T1_Content_Provider(Name,Content_ID,Phone,Email)VALUES ('Haynes-Larson','07285067','5697859015','Haynes-Larson@bussines.com');
INSERT INTO FALL25_S0003_T1_Content_Provider(Name,Content_ID,Phone,Email)VALUES ('Campos-Livingston','21983680','1559059791','Campos-Livingston@bussines.com');
INSERT INTO FALL25_S0003_T1_Content_Provider(Name,Content_ID,Phone,Email)VALUES ('Hernandez-Zamora','76593643','3607979945','Hernandez-Zamora@bussines.com');
INSERT INTO FALL25_S0003_T1_Content_Provider(Name,Content_ID,Phone,Email)VALUES ('Lopez-Robinson','42879767','1352021513','Lopez-Robinson@bussines.com');
INSERT INTO FALL25_S0003_T1_Content_Provider(Name,Content_ID,Phone,Email)VALUES ('Thornton, Stevenson and Ramirez','82383634','6458884037','Thornton.Stevenson.and.Ramirez@bussines.com');
INSERT INTO FALL25_S0003_T1_Content_Provider(Name,Content_ID,Phone,Email)VALUES ('Richards, Graham and Underwood','51234882','6207695558','Richards.Graham.and.Underwood@bussines.com');
INSERT INTO FALL25_S0003_T1_Content_Provider(Name,Content_ID,Phone,Email)VALUES ('Morales Inc','25802658','0163811103','Morales.Inc@bussines.com');
INSERT INTO FALL25_S0003_T1_Content_Provider(Name,Content_ID,Phone,Email)VALUES ('Pollard LLC','42575197','7480346735','Pollard.LLC@bussines.com');
INSERT INTO FALL25_S0003_T1_Content_Provider(Name,Content_ID,Phone,Email)VALUES ('Huffman, Marshall and Liu','82482316','7444812688','Huffman.Marshall.and.Liu@bussines.com');
INSERT INTO FALL25_S0003_T1_Content_Provider(Name,Content_ID,Phone,Email)VALUES ('Parker PLC','42461820','9073966867','Parker.PLC@bussines.com');
INSERT INTO FALL25_S0003_T1_Content_Provider(Name,Content_ID,Phone,Email)VALUES ('Williams-Green','85616998','4592331259','Williams-Green@bussines.com');
INSERT INTO FALL25_S0003_T1_Content_Provider(Name,Content_ID,Phone,Email)VALUES ('Wilson Inc','87146504','8159313095','Wilson.Inc@bussines.com');
INSERT INTO FALL25_S0003_T1_Content_Provider(Name,Content_ID,Phone,Email)VALUES ('Vincent-Rogers','32673333','3861564019','Vincent-Rogers@bussines.com');
INSERT INTO FALL25_S0003_T1_Content_Provider(Name,Content_ID,Phone,Email)VALUES ('May-Patterson','97773253','3863833024','May-Patterson@bussines.com');
INSERT INTO FALL25_S0003_T1_Content_Provider(Name,Content_ID,Phone,Email)VALUES ('Novak LLC','11548977','4451845898','Novak.LLC@bussines.com');
INSERT INTO FALL25_S0003_T1_Content_Provider(Name,Content_ID,Phone,Email)VALUES ('Ruiz and Sons','41787362','4295765085','Ruiz.and.Sons@bussines.com');
INSERT INTO FALL25_S0003_T1_Content_Provider(Name,Content_ID,Phone,Email)VALUES ('Griffin-Caldwell','48660666','6609028500','Griffin-Caldwell@bussines.com');
INSERT INTO FALL25_S0003_T1_Content_Provider(Name,Content_ID,Phone,Email)VALUES ('Schmidt, Whitehead and Zhang','27587500','7479654238','Schmidt.Whitehead.and.Zhang@bussines.com');
INSERT INTO FALL25_S0003_T1_Content_Provider(Name,Content_ID,Phone,Email)VALUES ('Perkins-Brown','37235243','0346308828','Perkins-Brown@bussines.com');
INSERT INTO FALL25_S0003_T1_Content_Provider(Name,Content_ID,Phone,Email)VALUES ('Fleming, Stafford and Hopkins','90335858','9906088161','Fleming.Stafford.and.Hopkins@bussines.com');
INSERT INTO FALL25_S0003_T1_Content_Provider(Name,Content_ID,Phone,Email)VALUES ('Hawkins LLC','53901733','1618005353','Hawkins.LLC@bussines.com');
INSERT INTO FALL25_S0003_T1_Content_Provider(Name,Content_ID,Phone,Email)VALUES ('Nunez, Vincent and Bennett','00675025','0981334196','Nunez.Vincent.and.Bennett@bussines.com');
INSERT INTO FALL25_S0003_T1_Content_Provider(Name,Content_ID,Phone,Email)VALUES ('Allen-Rowe','27627935','6160063247','Allen-Rowe@bussines.com');
INSERT INTO FALL25_S0003_T1_Content_Provider(Name,Content_ID,Phone,Email)VALUES ('Goodman-Phillips','94339541','7297239942','Goodman-Phillips@bussines.com');
INSERT INTO FALL25_S0003_T1_Content_Provider(Name,Content_ID,Phone,Email)VALUES ('Edwards-Small','19944799','7751598027','Edwards-Small@bussines.com');
INSERT INTO FALL25_S0003_T1_Content_Provider(Name,Content_ID,Phone,Email)VALUES ('Owen Group','10468874','1141318040','Owen.Group@bussines.com');
INSERT INTO FALL25_S0003_T1_Content_Provider(Name,Content_ID,Phone,Email)VALUES ('Green, Graham and Reilly','26328071','7591556948','Green.Graham.and.Reilly@bussines.com');
INSERT INTO FALL25_S0003_T1_Content_Provider(Name,Content_ID,Phone,Email)VALUES ('Chandler-Collins','21525006','2132667798','Chandler-Collins@bussines.com');
INSERT INTO FALL25_S0003_T1_Content_Provider(Name,Content_ID,Phone,Email)VALUES ('Moran-Small','63148948','1542754969','Moran-Small@bussines.com');
INSERT INTO FALL25_S0003_T1_Content_Provider(Name,Content_ID,Phone,Email)VALUES ('Villanueva-Nash','81263643','1751129386','Villanueva-Nash@bussines.com');
INSERT INTO FALL25_S0003_T1_Content_Provider(Name,Content_ID,Phone,Email)VALUES ('Velez, Meyer and Monroe','74741375','1342882698','Velez.Meyer.and.Monroe@bussines.com');
INSERT INTO FALL25_S0003_T1_Content_Provider(Name,Content_ID,Phone,Email)VALUES ('Thomas-Fields','87234167','4419709957','Thomas-Fields@bussines.com');
INSERT INTO FALL25_S0003_T1_Content_Provider(Name,Content_ID,Phone,Email)VALUES ('Grant Inc','77884162','7754691682','Grant.Inc@bussines.com');
INSERT INTO FALL25_S0003_T1_Content_Provider(Name,Content_ID,Phone,Email)VALUES ('Dougherty-Brown','97587699','3854408939','Dougherty-Brown@bussines.com');
INSERT INTO FALL25_S0003_T1_Content_Provider(Name,Content_ID,Phone,Email)VALUES ('Mcmillan-Decker','29088699','5408636522','Mcmillan-Decker@bussines.com');
INSERT INTO FALL25_S0003_T1_Content_Provider(Name,Content_ID,Phone,Email)VALUES ('Munoz-Scott','13957228','8462024358','Munoz-Scott@bussines.com');
INSERT INTO FALL25_S0003_T1_Content_Provider(Name,Content_ID,Phone,Email)VALUES ('Peck LLC','27967455','3310665600','Peck.LLC@bussines.com');
INSERT INTO FALL25_S0003_T1_Content_Provider(Name,Content_ID,Phone,Email)VALUES ('Skinner Inc','79054025','4093694384','Skinner.Inc@bussines.com');
INSERT INTO FALL25_S0003_T1_License(License_ID,Provider_ID,License_Type,License_Cost,Start_Date,End_Date,Renew_Terms)VALUES ('34693587','18737510','CC','$8.30',TO_DATE('2008-07-17', 'YYYY-MM-DD'), TO_DATE('2014-05-17', 'YYYY-MM-DD'),'No renewal');
INSERT INTO FALL25_S0003_T1_License(License_ID,Provider_ID,License_Type,License_Cost,Start_Date,End_Date,Renew_Terms)VALUES ('37410228','64866141','Revenue-sharing','$1,590.05',TO_DATE('2004-07-15', 'YYYY-MM-DD'), TO_DATE('2024-04-15', 'YYYY-MM-DD'),'Contract Increase');
INSERT INTO FALL25_S0003_T1_License(License_ID,Provider_ID,License_Type,License_Cost,Start_Date,End_Date,Renew_Terms)VALUES ('30603463','41594165','Fixed','$9,966.72',TO_DATE('1999-06-11', 'YYYY-MM-DD'), TO_DATE('2013-06-14', 'YYYY-MM-DD'),'Contract Increase');
INSERT INTO FALL25_S0003_T1_License(License_ID,Provider_ID,License_Type,License_Cost,Start_Date,End_Date,Renew_Terms)VALUES ('30949649','26836900','Revenue-sharing','$498.15',TO_DATE('1996-05-03', 'YYYY-MM-DD'), TO_DATE('2025-02-18', 'YYYY-MM-DD'),'Contract Increase');
INSERT INTO FALL25_S0003_T1_License(License_ID,Provider_ID,License_Type,License_Cost,Start_Date,End_Date,Renew_Terms)VALUES ('76830020','43138255','Fixed','$8,689.13',TO_DATE('2007-07-20', 'YYYY-MM-DD'), TO_DATE('2024-12-17', 'YYYY-MM-DD'),'No renewal');
INSERT INTO FALL25_S0003_T1_License(License_ID,Provider_ID,License_Type,License_Cost,Start_Date,End_Date,Renew_Terms)VALUES ('24257891','32762523','Time-based','$5.69',TO_DATE('2006-12-14', 'YYYY-MM-DD'), TO_DATE('2018-01-28', 'YYYY-MM-DD'),'One time renewal');
INSERT INTO FALL25_S0003_T1_License(License_ID,Provider_ID,License_Type,License_Cost,Start_Date,End_Date,Renew_Terms)VALUES ('50771909','08927043','CC','$7,307.93',TO_DATE('2004-12-24', 'YYYY-MM-DD'), TO_DATE('2011-09-18', 'YYYY-MM-DD'),'One time renewal');
INSERT INTO FALL25_S0003_T1_License(License_ID,Provider_ID,License_Type,License_Cost,Start_Date,End_Date,Renew_Terms)VALUES ('07920503','88269506','Royalty-Based','$790.30',TO_DATE('2004-04-30', 'YYYY-MM-DD'), TO_DATE('2022-03-05', 'YYYY-MM-DD'),'No renewal');
INSERT INTO FALL25_S0003_T1_License(License_ID,Provider_ID,License_Type,License_Cost,Start_Date,End_Date,Renew_Terms)VALUES ('63610747','91586007','Time-based','$325.08',TO_DATE('1999-06-28', 'YYYY-MM-DD'), TO_DATE('2013-02-09', 'YYYY-MM-DD'),'NULL');
INSERT INTO FALL25_S0003_T1_License(License_ID,Provider_ID,License_Type,License_Cost,Start_Date,End_Date,Renew_Terms)VALUES ('55398012','08194002','Royalty-Based','$334.77',TO_DATE('2003-02-03', 'YYYY-MM-DD'), TO_DATE('2018-01-21', 'YYYY-MM-DD'),'No renewal');
INSERT INTO FALL25_S0003_T1_License(License_ID,Provider_ID,License_Type,License_Cost,Start_Date,End_Date,Renew_Terms)VALUES ('43503264','37712271','Revenue-sharing','$28,633.88',TO_DATE('2003-05-14', 'YYYY-MM-DD'), TO_DATE('2022-11-14', 'YYYY-MM-DD'),'No renewal');
INSERT INTO FALL25_S0003_T1_License(License_ID,Provider_ID,License_Type,License_Cost,Start_Date,End_Date,Renew_Terms)VALUES ('99684771','72510450','Time-based','$5,017.22',TO_DATE('2001-03-28', 'YYYY-MM-DD'), TO_DATE('2022-11-13', 'YYYY-MM-DD'),'Automatic Renewal');
INSERT INTO FALL25_S0003_T1_License(License_ID,Provider_ID,License_Type,License_Cost,Start_Date,End_Date,Renew_Terms)VALUES ('44600423','07285067','CC','$37,526.21',TO_DATE('2004-12-02', 'YYYY-MM-DD'), TO_DATE('2022-09-07', 'YYYY-MM-DD'),'No renewal');
INSERT INTO FALL25_S0003_T1_License(License_ID,Provider_ID,License_Type,License_Cost,Start_Date,End_Date,Renew_Terms)VALUES ('72648821','21983680','Royalty-Based','$5.56',TO_DATE('1997-04-02', 'YYYY-MM-DD'), TO_DATE('2016-02-21', 'YYYY-MM-DD'),'Automatic Renewal');
INSERT INTO FALL25_S0003_T1_License(License_ID,Provider_ID,License_Type,License_Cost,Start_Date,End_Date,Renew_Terms)VALUES ('26206314','76593643','CC','$57.70',TO_DATE('1996-09-11', 'YYYY-MM-DD'), TO_DATE('2025-05-08', 'YYYY-MM-DD'),'No renewal');
INSERT INTO FALL25_S0003_T1_License(License_ID,Provider_ID,License_Type,License_Cost,Start_Date,End_Date,Renew_Terms)VALUES ('80470787','42879767','Revenue-sharing','$31.02',TO_DATE('2002-09-15', 'YYYY-MM-DD'), TO_DATE('2011-08-14', 'YYYY-MM-DD'),'No renewal');
INSERT INTO FALL25_S0003_T1_License(License_ID,Provider_ID,License_Type,License_Cost,Start_Date,End_Date,Renew_Terms)VALUES ('03231352','82383634','Time-based','$2,212.20',TO_DATE('1999-01-22', 'YYYY-MM-DD'), TO_DATE('2011-07-25', 'YYYY-MM-DD'),'No renewal');
INSERT INTO FALL25_S0003_T1_License(License_ID,Provider_ID,License_Type,License_Cost,Start_Date,End_Date,Renew_Terms)VALUES ('26354953','51234882','Fixed','$8.25',TO_DATE('1996-11-01', 'YYYY-MM-DD'), TO_DATE('2020-04-12', 'YYYY-MM-DD'),'One time renewal');
INSERT INTO FALL25_S0003_T1_License(License_ID,Provider_ID,License_Type,License_Cost,Start_Date,End_Date,Renew_Terms)VALUES ('22006698','25802658','Revenue-sharing','$897.55',TO_DATE('1996-08-02', 'YYYY-MM-DD'), TO_DATE('2013-03-10', 'YYYY-MM-DD'),'Automatic Renewal');
INSERT INTO FALL25_S0003_T1_License(License_ID,Provider_ID,License_Type,License_Cost,Start_Date,End_Date,Renew_Terms)VALUES ('14890299','42575197','Time-based','$71,078.45',TO_DATE('2006-06-14', 'YYYY-MM-DD'), TO_DATE('2014-11-02', 'YYYY-MM-DD'),'NULL');
INSERT INTO FALL25_S0003_T1_License(License_ID,Provider_ID,License_Type,License_Cost,Start_Date,End_Date,Renew_Terms)VALUES ('33780332','82482316','Fixed','$1,328.50',TO_DATE('2009-06-06', 'YYYY-MM-DD'), TO_DATE('2014-04-17', 'YYYY-MM-DD'),'No renewal');
INSERT INTO FALL25_S0003_T1_License(License_ID,Provider_ID,License_Type,License_Cost,Start_Date,End_Date,Renew_Terms)VALUES ('75016869','42461820','Fixed','$6,566.73',TO_DATE('2006-03-20', 'YYYY-MM-DD'), TO_DATE('2013-11-18', 'YYYY-MM-DD'),'No renewal');
INSERT INTO FALL25_S0003_T1_License(License_ID,Provider_ID,License_Type,License_Cost,Start_Date,End_Date,Renew_Terms)VALUES ('84445802','85616998','Time-based','$466.02',TO_DATE('1995-11-15', 'YYYY-MM-DD'), TO_DATE('2016-05-16', 'YYYY-MM-DD'),'NULL');
INSERT INTO FALL25_S0003_T1_License(License_ID,Provider_ID,License_Type,License_Cost,Start_Date,End_Date,Renew_Terms)VALUES ('17268085','87146504','CC','$1,463.82',TO_DATE('1998-04-05', 'YYYY-MM-DD'), TO_DATE('2020-05-31', 'YYYY-MM-DD'),'One time renewal');
INSERT INTO FALL25_S0003_T1_License(License_ID,Provider_ID,License_Type,License_Cost,Start_Date,End_Date,Renew_Terms)VALUES ('01704656','32673333','Fixed','$6.50',TO_DATE('2007-11-23', 'YYYY-MM-DD'), TO_DATE('2015-08-09', 'YYYY-MM-DD'),'NULL');
INSERT INTO FALL25_S0003_T1_License(License_ID,Provider_ID,License_Type,License_Cost,Start_Date,End_Date,Renew_Terms)VALUES ('03270710','97773253','Revenue-sharing','$8,105.29',TO_DATE('2004-01-22', 'YYYY-MM-DD'), TO_DATE('2021-11-06', 'YYYY-MM-DD'),'NULL');
INSERT INTO FALL25_S0003_T1_License(License_ID,Provider_ID,License_Type,License_Cost,Start_Date,End_Date,Renew_Terms)VALUES ('16620573','11548977','Time-based','$9,364.55',TO_DATE('2006-03-20', 'YYYY-MM-DD'), TO_DATE('2018-08-23', 'YYYY-MM-DD'),'No renewal');
INSERT INTO FALL25_S0003_T1_License(License_ID,Provider_ID,License_Type,License_Cost,Start_Date,End_Date,Renew_Terms)VALUES ('90811052','41787362','Royalty-Based','$9,083.05',TO_DATE('2004-12-03', 'YYYY-MM-DD'), TO_DATE('2024-01-30', 'YYYY-MM-DD'),'NULL');
INSERT INTO FALL25_S0003_T1_License(License_ID,Provider_ID,License_Type,License_Cost,Start_Date,End_Date,Renew_Terms)VALUES ('09139578','48660666','Time-based','$5,043.37',TO_DATE('1997-12-18', 'YYYY-MM-DD'), TO_DATE('2019-04-24', 'YYYY-MM-DD'),'No renewal');
INSERT INTO FALL25_S0003_T1_License(License_ID,Provider_ID,License_Type,License_Cost,Start_Date,End_Date,Renew_Terms)VALUES ('33108267','27587500','Fixed','$56,577.40',TO_DATE('2009-09-06', 'YYYY-MM-DD'), TO_DATE('2014-11-07', 'YYYY-MM-DD'),'One time renewal');
INSERT INTO FALL25_S0003_T1_License(License_ID,Provider_ID,License_Type,License_Cost,Start_Date,End_Date,Renew_Terms)VALUES ('91555559','37235243','Fixed','$9.31',TO_DATE('1998-11-17', 'YYYY-MM-DD'), TO_DATE('2017-03-21', 'YYYY-MM-DD'),'NULL');
INSERT INTO FALL25_S0003_T1_License(License_ID,Provider_ID,License_Type,License_Cost,Start_Date,End_Date,Renew_Terms)VALUES ('83140207','90335858','CC','$8.56',TO_DATE('2001-03-06', 'YYYY-MM-DD'), TO_DATE('2015-11-23', 'YYYY-MM-DD'),'One time renewal');
INSERT INTO FALL25_S0003_T1_License(License_ID,Provider_ID,License_Type,License_Cost,Start_Date,End_Date,Renew_Terms)VALUES ('64387847','53901733','Royalty-Based','$255.00',TO_DATE('2008-07-10', 'YYYY-MM-DD'), TO_DATE('2023-03-01', 'YYYY-MM-DD'),'One time renewal');
INSERT INTO FALL25_S0003_T1_License(License_ID,Provider_ID,License_Type,License_Cost,Start_Date,End_Date,Renew_Terms)VALUES ('43877748','00675025','Revenue-sharing','$3,755.06',TO_DATE('2008-09-14', 'YYYY-MM-DD'), TO_DATE('2019-11-17', 'YYYY-MM-DD'),'One time renewal');
INSERT INTO FALL25_S0003_T1_License(License_ID,Provider_ID,License_Type,License_Cost,Start_Date,End_Date,Renew_Terms)VALUES ('33878422','27627935','Revenue-sharing','$45,646.55',TO_DATE('1998-10-27', 'YYYY-MM-DD'), TO_DATE('2019-01-12', 'YYYY-MM-DD'),'One time renewal');
INSERT INTO FALL25_S0003_T1_License(License_ID,Provider_ID,License_Type,License_Cost,Start_Date,End_Date,Renew_Terms)VALUES ('37078974','94339541','CC','$4,391.84',TO_DATE('1997-09-14', 'YYYY-MM-DD'), TO_DATE('2018-10-05', 'YYYY-MM-DD'),'NULL');
INSERT INTO FALL25_S0003_T1_License(License_ID,Provider_ID,License_Type,License_Cost,Start_Date,End_Date,Renew_Terms)VALUES ('90894214','19944799','Time-based','$8.37',TO_DATE('1999-04-18', 'YYYY-MM-DD'), TO_DATE('2021-09-30', 'YYYY-MM-DD'),'Automatic Renewal');
INSERT INTO FALL25_S0003_T1_License(License_ID,Provider_ID,License_Type,License_Cost,Start_Date,End_Date,Renew_Terms)VALUES ('34899669','10468874','Revenue-sharing','$0.75',TO_DATE('2007-05-08', 'YYYY-MM-DD'), TO_DATE('2018-08-25', 'YYYY-MM-DD'),'One time renewal');
INSERT INTO FALL25_S0003_T1_License(License_ID,Provider_ID,License_Type,License_Cost,Start_Date,End_Date,Renew_Terms)VALUES ('45097816','26328071','Royalty-Based','$72,697.62',TO_DATE('2001-11-12', 'YYYY-MM-DD'), TO_DATE('2020-01-25', 'YYYY-MM-DD'),'Contract Increase');
INSERT INTO FALL25_S0003_T1_License(License_ID,Provider_ID,License_Type,License_Cost,Start_Date,End_Date,Renew_Terms)VALUES ('88258012','21525006','Fixed','$80,085.18',TO_DATE('2006-11-24', 'YYYY-MM-DD'), TO_DATE('2014-08-30', 'YYYY-MM-DD'),'Contract Increase');
INSERT INTO FALL25_S0003_T1_License(License_ID,Provider_ID,License_Type,License_Cost,Start_Date,End_Date,Renew_Terms)VALUES ('18400260','63148948','CC','$995.67',TO_DATE('2007-04-13', 'YYYY-MM-DD'), TO_DATE('2016-01-28', 'YYYY-MM-DD'),'One time renewal');
INSERT INTO FALL25_S0003_T1_License(License_ID,Provider_ID,License_Type,License_Cost,Start_Date,End_Date,Renew_Terms)VALUES ('54376036','81263643','CC','$10,010.58',TO_DATE('2008-10-17', 'YYYY-MM-DD'), TO_DATE('2013-12-29', 'YYYY-MM-DD'),'NULL');
INSERT INTO FALL25_S0003_T1_License(License_ID,Provider_ID,License_Type,License_Cost,Start_Date,End_Date,Renew_Terms)VALUES ('60249695','74741375','Fixed','$9,391.00',TO_DATE('2001-02-01', 'YYYY-MM-DD'), TO_DATE('2017-11-10', 'YYYY-MM-DD'),'Contract Increase');
INSERT INTO FALL25_S0003_T1_License(License_ID,Provider_ID,License_Type,License_Cost,Start_Date,End_Date,Renew_Terms)VALUES ('76435312','87234167','Revenue-sharing','$0.23',TO_DATE('1997-03-29', 'YYYY-MM-DD'), TO_DATE('2019-02-01', 'YYYY-MM-DD'),'NULL');
INSERT INTO FALL25_S0003_T1_License(License_ID,Provider_ID,License_Type,License_Cost,Start_Date,End_Date,Renew_Terms)VALUES ('38210174','77884162','Royalty-Based','$9,971.60',TO_DATE('2006-08-28', 'YYYY-MM-DD'), TO_DATE('2012-09-28', 'YYYY-MM-DD'),'No renewal');
INSERT INTO FALL25_S0003_T1_License(License_ID,Provider_ID,License_Type,License_Cost,Start_Date,End_Date,Renew_Terms)VALUES ('72114080','97587699','Royalty-Based','$41,291.65',TO_DATE('2000-08-08', 'YYYY-MM-DD'), TO_DATE('2020-06-10', 'YYYY-MM-DD'),'Contract Increase');
INSERT INTO FALL25_S0003_T1_License(License_ID,Provider_ID,License_Type,License_Cost,Start_Date,End_Date,Renew_Terms)VALUES ('08969846','29088699','Fixed','$0.82',TO_DATE('2004-10-19', 'YYYY-MM-DD'), TO_DATE('2012-05-24', 'YYYY-MM-DD'),'NULL');
INSERT INTO FALL25_S0003_T1_License(License_ID,Provider_ID,License_Type,License_Cost,Start_Date,End_Date,Renew_Terms)VALUES ('37746207','13957228','Time-based','$25.04',TO_DATE('2005-01-22', 'YYYY-MM-DD'), TO_DATE('2021-09-27', 'YYYY-MM-DD'),'No renewal');
INSERT INTO FALL25_S0003_T1_License(License_ID,Provider_ID,License_Type,License_Cost,Start_Date,End_Date,Renew_Terms)VALUES ('79256933','27967455','Fixed','$8,362.19',TO_DATE('1998-05-26', 'YYYY-MM-DD'), TO_DATE('2024-12-25', 'YYYY-MM-DD'),'No renewal');
INSERT INTO FALL25_S0003_T1_License(License_ID,Provider_ID,License_Type,License_Cost,Start_Date,End_Date,Renew_Terms)VALUES ('86564022','79054025','Royalty-Based','$0.11',TO_DATE('2009-09-10', 'YYYY-MM-DD'), TO_DATE('2012-06-15', 'YYYY-MM-DD'),'NULL');
INSERT INTO FALL25_S0003_T1_Content(Title,Content_ID,License_ID,Maturity,Type,Seasons,Episodes,Year,Duration)VALUES ('Integrated well-modulated application', '18737510', '34693587', 'TV-14', 'Movie', 'Six', '32', '2016', '32');
INSERT INTO FALL25_S0003_T1_Content(Title,Content_ID,License_ID,Maturity,Type,Seasons,Episodes,Year,Duration)VALUES ('Innovative systematic array', '64866141', '37410228', 'TV-14', 'TV Shows', 'Eight', 'Cont', '1994', '240');
INSERT INTO FALL25_S0003_T1_Content(Title,Content_ID,License_ID,Maturity,Type,Seasons,Episodes,Year,Duration)VALUES ('Sharable upward-trending architecture', '41594165', '30603463', 'TV-MA', 'Movie', 'Eight', '90', '1970', '24');
INSERT INTO FALL25_S0003_T1_Content(Title,Content_ID,License_ID,Maturity,Type,Seasons,Episodes,Year,Duration)VALUES ('Focused secondary system engine', '26836900', '30949649', 'TV-Y', 'Seasons', 'Seven', '60', '1989', '90');
INSERT INTO FALL25_S0003_T1_Content(Title,Content_ID,License_ID,Maturity,Type,Seasons,Episodes,Year,Duration)VALUES ('Proactive tangible utilization', '43138255', '76830020', 'TV-PG', 'TV Shows', 'Four', '60', '2004', '240');
INSERT INTO FALL25_S0003_T1_Content(Title,Content_ID,License_ID,Maturity,Type,Seasons,Episodes,Year,Duration)VALUES ('Customizable tertiary hub', '32762523', '24257891', 'TV-PG', 'Movie', 'Two', '1', '2025', '60');
INSERT INTO FALL25_S0003_T1_Content(Title,Content_ID,License_ID,Maturity,Type,Seasons,Episodes,Year,Duration)VALUES ('Decentralized regional moderator', '08927043', '50771909', 'TV-G', 'TV Shows', 'Six', '90', '2020', '240');
INSERT INTO FALL25_S0003_T1_Content(Title,Content_ID,License_ID,Maturity,Type,Seasons,Episodes,Year,Duration)VALUES ('Virtual even-keeled model', '88269506', '07920503', 'TV-MA', 'Seasons', 'Seven', '24', '2009', '240');
INSERT INTO FALL25_S0003_T1_Content(Title,Content_ID,License_ID,Maturity,Type,Seasons,Episodes,Year,Duration)VALUES ('Total transitional hub', '91586007', '63610747', 'TV-PG', 'TV Shows', 'One', '60', '2002', '120');
INSERT INTO FALL25_S0003_T1_Content(Title,Content_ID,License_ID,Maturity,Type,Seasons,Episodes,Year,Duration)VALUES ('Digitized zero tolerance initiative', '08194002', '55398012', 'TV-G', 'TV Shows', 'Four', '24', '1970', '32');
INSERT INTO FALL25_S0003_T1_Content(Title,Content_ID,License_ID,Maturity,Type,Seasons,Episodes,Year,Duration)VALUES ('Implemented full-range hardware', '37712271', '43503264', 'TV-MA', 'TV Shows', 'Three', '1', '1981', '32');
INSERT INTO FALL25_S0003_T1_Content(Title,Content_ID,License_ID,Maturity,Type,Seasons,Episodes,Year,Duration)VALUES ('Pre-emptive radical protocol', '72510450', '99684771', 'TV-14', 'TV Shows', 'Two', '1', '1997', '60');
INSERT INTO FALL25_S0003_T1_Content(Title,Content_ID,License_ID,Maturity,Type,Seasons,Episodes,Year,Duration)VALUES ('Multi-tiered hybrid implementation', '07285067', '44600423', 'TV-MA', 'TV Shows', 'Eight', '32', '2017', '32');
INSERT INTO FALL25_S0003_T1_Content(Title,Content_ID,License_ID,Maturity,Type,Seasons,Episodes,Year,Duration)VALUES ('Configurable composite benchmark', '21983680', '72648821', 'TV-MA', 'Seasons', 'Seven', '32', '1978', '240');
INSERT INTO FALL25_S0003_T1_Content(Title,Content_ID,License_ID,Maturity,Type,Seasons,Episodes,Year,Duration)VALUES ('Reverse-engineered uniform budgetary management', '76593643', '26206314', 'TV-PG', 'Movie', 'One', '90', '1960', '90');
INSERT INTO FALL25_S0003_T1_Content(Title,Content_ID,License_ID,Maturity,Type,Seasons,Episodes,Year,Duration)VALUES ('Business-focused background throughput', '42879767', '80470787', 'TV-G', 'Seasons', 'Five', '90', '2013', '60');
INSERT INTO FALL25_S0003_T1_Content(Title,Content_ID,License_ID,Maturity,Type,Seasons,Episodes,Year,Duration)VALUES ('Enterprise-wide zero-defect Graphic Interface', '82383634', '03231352', 'TV-PG', 'TV Shows', 'Five', '32', '1975', '60');
INSERT INTO FALL25_S0003_T1_Content(Title,Content_ID,License_ID,Maturity,Type,Seasons,Episodes,Year,Duration)VALUES ('Total empowering orchestration', '51234882', '26354953', 'TV-Y', 'Seasons', 'Seven', '24', '1982', '120');
INSERT INTO FALL25_S0003_T1_Content(Title,Content_ID,License_ID,Maturity,Type,Seasons,Episodes,Year,Duration)VALUES ('Robust global array', '25802658', '22006698', 'TV-G', 'Movie', 'Two', 'Cont', '1996', '300');
INSERT INTO FALL25_S0003_T1_Content(Title,Content_ID,License_ID,Maturity,Type,Seasons,Episodes,Year,Duration)VALUES ('Organic exuding installation', '42575197', '14890299', 'TV-Y', 'Movie', 'Four', '24', '1995', '240');
INSERT INTO FALL25_S0003_T1_Content(Title,Content_ID,License_ID,Maturity,Type,Seasons,Episodes,Year,Duration)VALUES ('Re-engineered client-driven knowledgebase', '82482316', '33780332', 'TV-14', 'TV Shows', 'Five', '32', '1970', '120');
INSERT INTO FALL25_S0003_T1_Content(Title,Content_ID,License_ID,Maturity,Type,Seasons,Episodes,Year,Duration)VALUES ('Visionary optimal framework', '42461820', '75016869', 'TV-14', 'TV Shows', 'Seven', '32', '2003', '90');
INSERT INTO FALL25_S0003_T1_Content(Title,Content_ID,License_ID,Maturity,Type,Seasons,Episodes,Year,Duration)VALUES ('Right-sized 4thgeneration array', '85616998', '84445802', 'TV-14', 'TV Shows', 'Six', '32', '1966', '32');
INSERT INTO FALL25_S0003_T1_Content(Title,Content_ID,License_ID,Maturity,Type,Seasons,Episodes,Year,Duration)VALUES ('Visionary solution-oriented protocol', '87146504', '17268085', 'TV-14', 'Movie', 'One', '60', '2004', '24');
INSERT INTO FALL25_S0003_T1_Content(Title,Content_ID,License_ID,Maturity,Type,Seasons,Episodes,Year,Duration)VALUES ('Organized multimedia ability', '32673333', '01704656', 'TV-PG', 'Seasons', 'Six', '90', '2007', '12');
INSERT INTO FALL25_S0003_T1_Content(Title,Content_ID,License_ID,Maturity,Type,Seasons,Episodes,Year,Duration)VALUES ('Innovative context-sensitive parallelism', '97773253', '03270710', 'TV-14', 'Seasons', 'Seven', '32', '1989', '240');
INSERT INTO FALL25_S0003_T1_Content(Title,Content_ID,License_ID,Maturity,Type,Seasons,Episodes,Year,Duration)VALUES ('Open-source content-based strategy', '11548977', '16620573', 'TV-Y', 'TV Shows', 'Five', '60', '1965', '240');
INSERT INTO FALL25_S0003_T1_Content(Title,Content_ID,License_ID,Maturity,Type,Seasons,Episodes,Year,Duration)VALUES ('Face-to-face contextually-based neural-net', '41787362', '90811052', 'TV-Y', 'TV Shows', 'Six', '32', '1980', '12');
INSERT INTO FALL25_S0003_T1_Content(Title,Content_ID,License_ID,Maturity,Type,Seasons,Episodes,Year,Duration)VALUES ('Cross-group scalable application', '48660666', '09139578', 'TV-PG', 'Seasons', 'One', '12', '1991', '24');
INSERT INTO FALL25_S0003_T1_Content(Title,Content_ID,License_ID,Maturity,Type,Seasons,Episodes,Year,Duration)VALUES ('Multi-layered local firmware', '27587500', '33108267', 'TV-MA', 'Seasons', 'Seven', '32', '2012', '120');
INSERT INTO FALL25_S0003_T1_Content(Title,Content_ID,License_ID,Maturity,Type,Seasons,Episodes,Year,Duration)VALUES ('Digitized attitude-oriented toolset', '37235243', '91555559', 'TV-Y', 'TV Shows', 'Eight', '90', '1992', '60');
INSERT INTO FALL25_S0003_T1_Content(Title,Content_ID,License_ID,Maturity,Type,Seasons,Episodes,Year,Duration)VALUES ('Multi-layered 6thgeneration challenge', '90335858', '83140207', 'TV-MA', 'TV Shows', 'Eight', '32', '1966', '24');
INSERT INTO FALL25_S0003_T1_Content(Title,Content_ID,License_ID,Maturity,Type,Seasons,Episodes,Year,Duration)VALUES ('Synchronized systematic infrastructure', '53901733', '64387847', 'TV-MA', 'Seasons', 'Six', '12', '1982', '60');
INSERT INTO FALL25_S0003_T1_Content(Title,Content_ID,License_ID,Maturity,Type,Seasons,Episodes,Year,Duration)VALUES ('Secured next generation encryption', '00675025', '43877748', 'TV-14', 'Seasons', 'Four', '120', '1968', '60');
INSERT INTO FALL25_S0003_T1_Content(Title,Content_ID,License_ID,Maturity,Type,Seasons,Episodes,Year,Duration)VALUES ('Reduced tertiary intranet', '27627935', '33878422', 'TV-Y', 'Seasons', 'Seven', '120', '2019', '60');
INSERT INTO FALL25_S0003_T1_Content(Title,Content_ID,License_ID,Maturity,Type,Seasons,Episodes,Year,Duration)VALUES ('Cloned explicit open architecture', '94339541', '37078974', 'TV-G', 'Movie', 'Two', '12', '1965', '60');
INSERT INTO FALL25_S0003_T1_Content(Title,Content_ID,License_ID,Maturity,Type,Seasons,Episodes,Year,Duration)VALUES ('Universal national extranet', '19944799', '90894214', 'TV-14', 'TV Shows', 'Three', '12', '2000', '300');
INSERT INTO FALL25_S0003_T1_Content(Title,Content_ID,License_ID,Maturity,Type,Seasons,Episodes,Year,Duration)VALUES ('Grass-roots 3rdgeneration time-frame', '10468874', '34899669', 'TV-G', 'TV Shows', 'One', '120', '1971', '300');
INSERT INTO FALL25_S0003_T1_Content(Title,Content_ID,License_ID,Maturity,Type,Seasons,Episodes,Year,Duration)VALUES ('Cross-group explicit secured line', '26328071', '45097816', 'TV-MA', 'TV Shows', 'Five', '32', '1960', '24');
INSERT INTO FALL25_S0003_T1_Content(Title,Content_ID,License_ID,Maturity,Type,Seasons,Episodes,Year,Duration)VALUES ('Multi-channeled human-resource complexity', '21525006', '88258012', 'TV-Y', 'Seasons', 'Seven', '32', '2016', '240');
INSERT INTO FALL25_S0003_T1_Content(Title,Content_ID,License_ID,Maturity,Type,Seasons,Episodes,Year,Duration)VALUES ('Diverse clear-thinking encoding', '63148948', '18400260', 'TV-14', 'Seasons', 'Six', '32', '1960', '12');
INSERT INTO FALL25_S0003_T1_Content(Title,Content_ID,License_ID,Maturity,Type,Seasons,Episodes,Year,Duration)VALUES ('Pre-emptive neutral artificial intelligence', '81263643', '54376036', 'TV-Y', 'Movie', 'Eight', '32', '2001', '32');
INSERT INTO FALL25_S0003_T1_Content(Title,Content_ID,License_ID,Maturity,Type,Seasons,Episodes,Year,Duration)VALUES ('Virtual zero-defect framework', '74741375', '60249695', 'TV-PG', 'Movie', 'Two', '120', '1970', '24');
INSERT INTO FALL25_S0003_T1_Content(Title,Content_ID,License_ID,Maturity,Type,Seasons,Episodes,Year,Duration)VALUES ('Secured grid-enabled flexibility', '87234167', '76435312', 'TV-G', 'TV Shows', 'Seven', 'Cont', '1976', '120');
INSERT INTO FALL25_S0003_T1_Content(Title,Content_ID,License_ID,Maturity,Type,Seasons,Episodes,Year,Duration)VALUES ('Enhanced leadingedge application', '77884162', '38210174', 'TV-14', 'Seasons', 'Eight', '120', '1988', '60');
INSERT INTO FALL25_S0003_T1_Content(Title,Content_ID,License_ID,Maturity,Type,Seasons,Episodes,Year,Duration)VALUES ('Integrated motivating capacity', '97587699', '72114080', 'TV-PG', 'TV Shows', 'Six', '90', '2008', '60');
INSERT INTO FALL25_S0003_T1_Content(Title,Content_ID,License_ID,Maturity,Type,Seasons,Episodes,Year,Duration)VALUES ('Reactive leadingedge success', '29088699', '08969846', 'TV-G', 'TV Shows', 'One', '120', '2005', '300');
INSERT INTO FALL25_S0003_T1_Content(Title,Content_ID,License_ID,Maturity,Type,Seasons,Episodes,Year,Duration)VALUES ('Synergized mission-critical contingency', '13957228', '37746207', 'TV-G', 'Movie', 'Six', '1', '1976', '90');
INSERT INTO FALL25_S0003_T1_Content(Title,Content_ID,License_ID,Maturity,Type,Seasons,Episodes,Year,Duration)VALUES ('Seamless global frame', '27967455', '79256933', 'TV-Y', 'TV Shows', 'Seven', '12', '2006', '32');
INSERT INTO FALL25_S0003_T1_Content(Title,Content_ID,License_ID,Maturity,Type,Seasons,Episodes,Year,Duration)VALUES ('Triple-buffered executive monitoring', '79054025', '86564022', 'TV-Y', 'TV Shows', 'Four', '32', '1979', '60');
INSERT INTO FALL25_S0003_T1_Watch_History(Student_Email,Content_ID,Watch_ID,Watch_Time,Watch_Date,Device_Type,Duration)VALUES ('Brad.Frost@edu.com','18737510','59454581','05:47:14',TO_DATE('2024-02-09', 'YYYY-MM-DD'),'Iphone','120');
INSERT INTO FALL25_S0003_T1_Watch_History(Student_Email,Content_ID,Watch_ID,Watch_Time,Watch_Date,Device_Type,Duration)VALUES ('Andrew.Lynch@edu.com','64866141','63469577','18:42:47',TO_DATE('2025-09-24', 'YYYY-MM-DD'),'Laptop','90');
INSERT INTO FALL25_S0003_T1_Watch_History(Student_Email,Content_ID,Watch_ID,Watch_Time,Watch_Date,Device_Type,Duration)VALUES ('Samuel.Brown@edu.com','41594165','98010044','07:25:35',TO_DATE('2025-02-11', 'YYYY-MM-DD'),'Laptop','60');
INSERT INTO FALL25_S0003_T1_Watch_History(Student_Email,Content_ID,Watch_ID,Watch_Time,Watch_Date,Device_Type,Duration)VALUES ('Kristi.Clark@edu.com','26836900','38436804','19:07:46',TO_DATE('2024-06-25', 'YYYY-MM-DD'),'PC','12');
INSERT INTO FALL25_S0003_T1_Watch_History(Student_Email,Content_ID,Watch_ID,Watch_Time,Watch_Date,Device_Type,Duration)VALUES ('Daniel.Bowers@edu.com','43138255','87405236','09:29:19',TO_DATE('2024-07-29', 'YYYY-MM-DD'),'Android','90');
INSERT INTO FALL25_S0003_T1_Watch_History(Student_Email,Content_ID,Watch_ID,Watch_Time,Watch_Date,Device_Type,Duration)VALUES ('Eric.Mullins@edu.com','32762523','54301987','07:41:03',TO_DATE('2024-06-25', 'YYYY-MM-DD'),'Android','24');
INSERT INTO FALL25_S0003_T1_Watch_History(Student_Email,Content_ID,Watch_ID,Watch_Time,Watch_Date,Device_Type,Duration)VALUES ('Rebecca.Juarez@edu.com','08927043','69501444','22:16:13',TO_DATE('2025-07-08', 'YYYY-MM-DD'),'Iphone','60');
INSERT INTO FALL25_S0003_T1_Watch_History(Student_Email,Content_ID,Watch_ID,Watch_Time,Watch_Date,Device_Type,Duration)VALUES ('Joseph.Holt@edu.com','88269506','95523119','11:09:00',TO_DATE('2025-01-01', 'YYYY-MM-DD'),'Laptop','24');
INSERT INTO FALL25_S0003_T1_Watch_History(Student_Email,Content_ID,Watch_ID,Watch_Time,Watch_Date,Device_Type,Duration)VALUES ('Keith.Morgan@edu.com','91586007','27490572','15:35:28',TO_DATE('2024-08-19', 'YYYY-MM-DD'),'Android','32');
INSERT INTO FALL25_S0003_T1_Watch_History(Student_Email,Content_ID,Watch_ID,Watch_Time,Watch_Date,Device_Type,Duration)VALUES ('Emma.White@edu.com','08194002','55655012','14:03:52',TO_DATE('2024-04-14', 'YYYY-MM-DD'),'Iphone','60');
INSERT INTO FALL25_S0003_T1_Watch_History(Student_Email,Content_ID,Watch_ID,Watch_Time,Watch_Date,Device_Type,Duration)VALUES ('Gary.Wallace@edu.com','37712271','04211065','12:54:17',TO_DATE('2024-05-23', 'YYYY-MM-DD'),'Android','24');
INSERT INTO FALL25_S0003_T1_Watch_History(Student_Email,Content_ID,Watch_ID,Watch_Time,Watch_Date,Device_Type,Duration)VALUES ('Mindy.King@edu.com','72510450','33203696','03:11:48',TO_DATE('2024-09-18', 'YYYY-MM-DD'),'Iphone','120');
INSERT INTO FALL25_S0003_T1_Watch_History(Student_Email,Content_ID,Watch_ID,Watch_Time,Watch_Date,Device_Type,Duration)VALUES ('Sandra.Nelson@edu.com','07285067','87658165','12:38:48',TO_DATE('2025-11-06', 'YYYY-MM-DD'),'Android','24');
INSERT INTO FALL25_S0003_T1_Watch_History(Student_Email,Content_ID,Watch_ID,Watch_Time,Watch_Date,Device_Type,Duration)VALUES ('Courtney.Flynn@edu.com','21983680','08497049','13:08:35',TO_DATE('2025-09-03', 'YYYY-MM-DD'),'PC','60');
INSERT INTO FALL25_S0003_T1_Watch_History(Student_Email,Content_ID,Watch_ID,Watch_Time,Watch_Date,Device_Type,Duration)VALUES ('Thomas.Dawson@edu.com','76593643','98769870','19:24:20',TO_DATE('2025-02-19', 'YYYY-MM-DD'),'Laptop','90');
INSERT INTO FALL25_S0003_T1_Watch_History(Student_Email,Content_ID,Watch_ID,Watch_Time,Watch_Date,Device_Type,Duration)VALUES ('Dennis.Johnson@edu.com','42879767','97911954','05:19:42',TO_DATE('2024-07-21', 'YYYY-MM-DD'),'PC','60');
INSERT INTO FALL25_S0003_T1_Watch_History(Student_Email,Content_ID,Watch_ID,Watch_Time,Watch_Date,Device_Type,Duration)VALUES ('Luke.Simmons@edu.com','82383634','58486342','15:14:47',TO_DATE('2025-08-31', 'YYYY-MM-DD'),'PC','120');
INSERT INTO FALL25_S0003_T1_Watch_History(Student_Email,Content_ID,Watch_ID,Watch_Time,Watch_Date,Device_Type,Duration)VALUES ('Joseph.Marquez@edu.com','51234882','88699678','02:05:26',TO_DATE('2024-02-11', 'YYYY-MM-DD'),'Laptop','120');
INSERT INTO FALL25_S0003_T1_Watch_History(Student_Email,Content_ID,Watch_ID,Watch_Time,Watch_Date,Device_Type,Duration)VALUES ('Billy.Edwards@edu.com','25802658','74944540','06:26:12',TO_DATE('2024-12-09', 'YYYY-MM-DD'),'PC','120');
INSERT INTO FALL25_S0003_T1_Watch_History(Student_Email,Content_ID,Watch_ID,Watch_Time,Watch_Date,Device_Type,Duration)VALUES ('Jeremiah.Jones@edu.com','42575197','18386345','05:04:31',TO_DATE('2024-03-14', 'YYYY-MM-DD'),'Android','24');
INSERT INTO FALL25_S0003_T1_Watch_History(Student_Email,Content_ID,Watch_ID,Watch_Time,Watch_Date,Device_Type,Duration)VALUES ('Gabriel.Anderson@edu.com','82482316','53320742','14:15:55',TO_DATE('2024-10-26', 'YYYY-MM-DD'),'PC','32');
INSERT INTO FALL25_S0003_T1_Watch_History(Student_Email,Content_ID,Watch_ID,Watch_Time,Watch_Date,Device_Type,Duration)VALUES ('Allen.Taylor@edu.com','42461820','20898328','14:11:52',TO_DATE('2025-09-12', 'YYYY-MM-DD'),'Android','60');
INSERT INTO FALL25_S0003_T1_Watch_History(Student_Email,Content_ID,Watch_ID,Watch_Time,Watch_Date,Device_Type,Duration)VALUES ('Ashley.Martinez@edu.com','85616998','46439932','01:04:55',TO_DATE('2025-02-01', 'YYYY-MM-DD'),'Android','90');
INSERT INTO FALL25_S0003_T1_Watch_History(Student_Email,Content_ID,Watch_ID,Watch_Time,Watch_Date,Device_Type,Duration)VALUES ('Hunter.Smith@edu.com','87146504','15244367','09:06:17',TO_DATE('2024-04-24', 'YYYY-MM-DD'),'Laptop','60');
INSERT INTO FALL25_S0003_T1_Watch_History(Student_Email,Content_ID,Watch_ID,Watch_Time,Watch_Date,Device_Type,Duration)VALUES ('Nathan.Mcdonald@edu.com','32673333','87620920','07:13:42',TO_DATE('2024-06-15', 'YYYY-MM-DD'),'Iphone','300');
INSERT INTO FALL25_S0003_T1_Watch_History(Student_Email,Content_ID,Watch_ID,Watch_Time,Watch_Date,Device_Type,Duration)VALUES ('Brian.Ashley@edu.com','97773253','44153197','00:14:38',TO_DATE('2024-10-20', 'YYYY-MM-DD'),'Laptop','32');
INSERT INTO FALL25_S0003_T1_Watch_History(Student_Email,Content_ID,Watch_ID,Watch_Time,Watch_Date,Device_Type,Duration)VALUES ('Justin.Carpenter@edu.com','11548977','57369969','06:30:17',TO_DATE('2025-01-01', 'YYYY-MM-DD'),'Iphone','90');
INSERT INTO FALL25_S0003_T1_Watch_History(Student_Email,Content_ID,Watch_ID,Watch_Time,Watch_Date,Device_Type,Duration)VALUES ('Shane.Rodriguez@edu.com','41787362','32727947','12:45:16',TO_DATE('2024-04-18', 'YYYY-MM-DD'),'PC','24');
INSERT INTO FALL25_S0003_T1_Watch_History(Student_Email,Content_ID,Watch_ID,Watch_Time,Watch_Date,Device_Type,Duration)VALUES ('Robert.Foster@edu.com','48660666','92866239','01:55:49',TO_DATE('2025-03-06', 'YYYY-MM-DD'),'Android','60');
INSERT INTO FALL25_S0003_T1_Watch_History(Student_Email,Content_ID,Watch_ID,Watch_Time,Watch_Date,Device_Type,Duration)VALUES ('Harry.Castaneda@edu.com','27587500','96929682','02:33:58',TO_DATE('2024-04-01', 'YYYY-MM-DD'),'Iphone','24');
INSERT INTO FALL25_S0003_T1_Watch_History(Student_Email,Content_ID,Watch_ID,Watch_Time,Watch_Date,Device_Type,Duration)VALUES ('Joseph.Wood@edu.com','37235243','80299636','20:00:40',TO_DATE('2025-10-26', 'YYYY-MM-DD'),'Android','12');
INSERT INTO FALL25_S0003_T1_Watch_History(Student_Email,Content_ID,Watch_ID,Watch_Time,Watch_Date,Device_Type,Duration)VALUES ('Carl.Alvarez@edu.com','90335858','55451591','06:22:48',TO_DATE('2025-11-05', 'YYYY-MM-DD'),'Iphone','90');
INSERT INTO FALL25_S0003_T1_Watch_History(Student_Email,Content_ID,Watch_ID,Watch_Time,Watch_Date,Device_Type,Duration)VALUES ('James.Whitehead.PhD@edu.com','53901733','67034562','11:24:06',TO_DATE('2025-09-07', 'YYYY-MM-DD'),'Android','240');
INSERT INTO FALL25_S0003_T1_Watch_History(Student_Email,Content_ID,Watch_ID,Watch_Time,Watch_Date,Device_Type,Duration)VALUES ('Loretta.Mitchell@edu.com','00675025','89397268','08:25:32',TO_DATE('2025-10-14', 'YYYY-MM-DD'),'PC','90');
INSERT INTO FALL25_S0003_T1_Watch_History(Student_Email,Content_ID,Watch_ID,Watch_Time,Watch_Date,Device_Type,Duration)VALUES ('Robert.Macias@edu.com','27627935','14009142','18:24:29',TO_DATE('2024-10-06', 'YYYY-MM-DD'),'Iphone','60');
INSERT INTO FALL25_S0003_T1_Watch_History(Student_Email,Content_ID,Watch_ID,Watch_Time,Watch_Date,Device_Type,Duration)VALUES ('Denise.Mann@edu.com','94339541','95816653','05:11:05',TO_DATE('2024-02-16', 'YYYY-MM-DD'),'PC','60');
INSERT INTO FALL25_S0003_T1_Watch_History(Student_Email,Content_ID,Watch_ID,Watch_Time,Watch_Date,Device_Type,Duration)VALUES ('Philip.Jimenez@edu.com','19944799','20634113','10:10:43',TO_DATE('2024-07-13', 'YYYY-MM-DD'),'Laptop','300');
INSERT INTO FALL25_S0003_T1_Watch_History(Student_Email,Content_ID,Watch_ID,Watch_Time,Watch_Date,Device_Type,Duration)VALUES ('Beverly.Graham@edu.com','10468874','56974616','21:10:46',TO_DATE('2025-09-16', 'YYYY-MM-DD'),'Laptop','120');
INSERT INTO FALL25_S0003_T1_Watch_History(Student_Email,Content_ID,Watch_ID,Watch_Time,Watch_Date,Device_Type,Duration)VALUES ('William.Martinez@edu.com','26328071','01441716','04:40:12',TO_DATE('2025-04-23', 'YYYY-MM-DD'),'PC','24');
INSERT INTO FALL25_S0003_T1_Watch_History(Student_Email,Content_ID,Watch_ID,Watch_Time,Watch_Date,Device_Type,Duration)VALUES ('Jason.Dixon.Jr.@edu.com','21525006','09548582','02:17:45',TO_DATE('2025-01-09', 'YYYY-MM-DD'),'Iphone','90');
INSERT INTO FALL25_S0003_T1_Watch_History(Student_Email,Content_ID,Watch_ID,Watch_Time,Watch_Date,Device_Type,Duration)VALUES ('Meredith.Ramos@edu.com','63148948','96362733','12:00:40',TO_DATE('2025-07-08', 'YYYY-MM-DD'),'PC','300');
INSERT INTO FALL25_S0003_T1_Watch_History(Student_Email,Content_ID,Watch_ID,Watch_Time,Watch_Date,Device_Type,Duration)VALUES ('Justin.Holt@edu.com','81263643','83576653','02:07:25',TO_DATE('2025-05-07', 'YYYY-MM-DD'),'PC','60');
INSERT INTO FALL25_S0003_T1_Watch_History(Student_Email,Content_ID,Watch_ID,Watch_Time,Watch_Date,Device_Type,Duration)VALUES ('Lori.Ferrell@edu.com','74741375','47383409','16:06:24',TO_DATE('2025-07-31', 'YYYY-MM-DD'),'Iphone','32');
INSERT INTO FALL25_S0003_T1_Watch_History(Student_Email,Content_ID,Watch_ID,Watch_Time,Watch_Date,Device_Type,Duration)VALUES ('Tristan.Mendoza@edu.com','87234167','73594079','19:48:08',TO_DATE('2025-09-08', 'YYYY-MM-DD'),'Iphone','120');
INSERT INTO FALL25_S0003_T1_Watch_History(Student_Email,Content_ID,Watch_ID,Watch_Time,Watch_Date,Device_Type,Duration)VALUES ('Jeffrey.Nunez@edu.com','77884162','96494386','08:12:26',TO_DATE('2024-10-26', 'YYYY-MM-DD'),'Laptop','120');
INSERT INTO FALL25_S0003_T1_Watch_History(Student_Email,Content_ID,Watch_ID,Watch_Time,Watch_Date,Device_Type,Duration)VALUES ('Jennifer.Johnson@edu.com','97587699','33347444','19:57:25',TO_DATE('2025-08-03', 'YYYY-MM-DD'),'Laptop','90');
INSERT INTO FALL25_S0003_T1_Watch_History(Student_Email,Content_ID,Watch_ID,Watch_Time,Watch_Date,Device_Type,Duration)VALUES ('Lauren.Evans@edu.com','29088699','55901232','03:22:12',TO_DATE('2025-09-06', 'YYYY-MM-DD'),'Iphone','60');
INSERT INTO FALL25_S0003_T1_Watch_History(Student_Email,Content_ID,Watch_ID,Watch_Time,Watch_Date,Device_Type,Duration)VALUES ('Chelsea.Arnold@edu.com','13957228','10265155','16:40:53',TO_DATE('2025-11-01', 'YYYY-MM-DD'),'Iphone','120');
INSERT INTO FALL25_S0003_T1_Watch_History(Student_Email,Content_ID,Watch_ID,Watch_Time,Watch_Date,Device_Type,Duration)VALUES ('Kevin.Miller@edu.com','27967455','40867365','12:47:43',TO_DATE('2024-04-14', 'YYYY-MM-DD'),'Iphone','90');
INSERT INTO FALL25_S0003_T1_Watch_History(Student_Email,Content_ID,Watch_ID,Watch_Time,Watch_Date,Device_Type,Duration)VALUES ('Russell.Smith.Jr.@edu.com','79054025','46685117','22:05:49',TO_DATE('2024-07-14', 'YYYY-MM-DD'),'PC','300');
INSERT INTO FALL25_S0003_T1_Watches(Student_Email,Content_ID,Rating)VALUES ('Brad.Frost@edu.com','18737510','10');
INSERT INTO FALL25_S0003_T1_Watches(Student_Email,Content_ID,Rating)VALUES ('Andrew.Lynch@edu.com','64866141','7');
INSERT INTO FALL25_S0003_T1_Watches(Student_Email,Content_ID,Rating)VALUES ('Samuel.Brown@edu.com','41594165','7');
INSERT INTO FALL25_S0003_T1_Watches(Student_Email,Content_ID,Rating)VALUES ('Kristi.Clark@edu.com','26836900','8');
INSERT INTO FALL25_S0003_T1_Watches(Student_Email,Content_ID,Rating)VALUES ('Daniel.Bowers@edu.com','43138255','10');
INSERT INTO FALL25_S0003_T1_Watches(Student_Email,Content_ID,Rating)VALUES ('Eric.Mullins@edu.com','32762523','5');
INSERT INTO FALL25_S0003_T1_Watches(Student_Email,Content_ID,Rating)VALUES ('Rebecca.Juarez@edu.com','08927043','10');
INSERT INTO FALL25_S0003_T1_Watches(Student_Email,Content_ID,Rating)VALUES ('Joseph.Holt@edu.com','88269506','2');
INSERT INTO FALL25_S0003_T1_Watches(Student_Email,Content_ID,Rating)VALUES ('Keith.Morgan@edu.com','91586007','8');
INSERT INTO FALL25_S0003_T1_Watches(Student_Email,Content_ID,Rating)VALUES ('Emma.White@edu.com','08194002','9');
INSERT INTO FALL25_S0003_T1_Watches(Student_Email,Content_ID,Rating)VALUES ('Gary.Wallace@edu.com','37712271','9');
INSERT INTO FALL25_S0003_T1_Watches(Student_Email,Content_ID,Rating)VALUES ('Mindy.King@edu.com','72510450','8');
INSERT INTO FALL25_S0003_T1_Watches(Student_Email,Content_ID,Rating)VALUES ('Sandra.Nelson@edu.com','07285067','8');
INSERT INTO FALL25_S0003_T1_Watches(Student_Email,Content_ID,Rating)VALUES ('Courtney.Flynn@edu.com','21983680','9');
INSERT INTO FALL25_S0003_T1_Watches(Student_Email,Content_ID,Rating)VALUES ('Thomas.Dawson@edu.com','76593643','3');
INSERT INTO FALL25_S0003_T1_Watches(Student_Email,Content_ID,Rating)VALUES ('Dennis.Johnson@edu.com','42879767','6');
INSERT INTO FALL25_S0003_T1_Watches(Student_Email,Content_ID,Rating)VALUES ('Luke.Simmons@edu.com','82383634','3');
INSERT INTO FALL25_S0003_T1_Watches(Student_Email,Content_ID,Rating)VALUES ('Joseph.Marquez@edu.com','51234882','6');
INSERT INTO FALL25_S0003_T1_Watches(Student_Email,Content_ID,Rating)VALUES ('Billy.Edwards@edu.com','25802658','9');
INSERT INTO FALL25_S0003_T1_Watches(Student_Email,Content_ID,Rating)VALUES ('Jeremiah.Jones@edu.com','42575197','3');
INSERT INTO FALL25_S0003_T1_Watches(Student_Email,Content_ID,Rating)VALUES ('Gabriel.Anderson@edu.com','82482316','3');
INSERT INTO FALL25_S0003_T1_Watches(Student_Email,Content_ID,Rating)VALUES ('Allen.Taylor@edu.com','42461820','9');
INSERT INTO FALL25_S0003_T1_Watches(Student_Email,Content_ID,Rating)VALUES ('Ashley.Martinez@edu.com','85616998','9');
INSERT INTO FALL25_S0003_T1_Watches(Student_Email,Content_ID,Rating)VALUES ('Hunter.Smith@edu.com','87146504','2');
INSERT INTO FALL25_S0003_T1_Watches(Student_Email,Content_ID,Rating)VALUES ('Nathan.Mcdonald@edu.com','32673333','7');
INSERT INTO FALL25_S0003_T1_Watches(Student_Email,Content_ID,Rating)VALUES ('Brian.Ashley@edu.com','97773253','2');
INSERT INTO FALL25_S0003_T1_Watches(Student_Email,Content_ID,Rating)VALUES ('Justin.Carpenter@edu.com','11548977','4');
INSERT INTO FALL25_S0003_T1_Watches(Student_Email,Content_ID,Rating)VALUES ('Shane.Rodriguez@edu.com','41787362','1');
INSERT INTO FALL25_S0003_T1_Watches(Student_Email,Content_ID,Rating)VALUES ('Robert.Foster@edu.com','48660666','1');
INSERT INTO FALL25_S0003_T1_Watches(Student_Email,Content_ID,Rating)VALUES ('Harry.Castaneda@edu.com','27587500','1');
INSERT INTO FALL25_S0003_T1_Watches(Student_Email,Content_ID,Rating)VALUES ('Joseph.Wood@edu.com','37235243','7');
INSERT INTO FALL25_S0003_T1_Watches(Student_Email,Content_ID,Rating)VALUES ('Carl.Alvarez@edu.com','90335858','5');
INSERT INTO FALL25_S0003_T1_Watches(Student_Email,Content_ID,Rating)VALUES ('James.Whitehead.PhD@edu.com','53901733','10');
INSERT INTO FALL25_S0003_T1_Watches(Student_Email,Content_ID,Rating)VALUES ('Loretta.Mitchell@edu.com','00675025','3');
INSERT INTO FALL25_S0003_T1_Watches(Student_Email,Content_ID,Rating)VALUES ('Robert.Macias@edu.com','27627935','5');
INSERT INTO FALL25_S0003_T1_Watches(Student_Email,Content_ID,Rating)VALUES ('Denise.Mann@edu.com','94339541','2');
INSERT INTO FALL25_S0003_T1_Watches(Student_Email,Content_ID,Rating)VALUES ('Philip.Jimenez@edu.com','19944799','4');
INSERT INTO FALL25_S0003_T1_Watches(Student_Email,Content_ID,Rating)VALUES ('Beverly.Graham@edu.com','10468874','2');
INSERT INTO FALL25_S0003_T1_Watches(Student_Email,Content_ID,Rating)VALUES ('William.Martinez@edu.com','26328071','6');
INSERT INTO FALL25_S0003_T1_Watches(Student_Email,Content_ID,Rating)VALUES ('Jason.Dixon.Jr.@edu.com','21525006','6');
INSERT INTO FALL25_S0003_T1_Watches(Student_Email,Content_ID,Rating)VALUES ('Meredith.Ramos@edu.com','63148948','7');
INSERT INTO FALL25_S0003_T1_Watches(Student_Email,Content_ID,Rating)VALUES ('Justin.Holt@edu.com','81263643','2');
INSERT INTO FALL25_S0003_T1_Watches(Student_Email,Content_ID,Rating)VALUES ('Lori.Ferrell@edu.com','74741375','1');
INSERT INTO FALL25_S0003_T1_Watches(Student_Email,Content_ID,Rating)VALUES ('Tristan.Mendoza@edu.com','87234167','4');
INSERT INTO FALL25_S0003_T1_Watches(Student_Email,Content_ID,Rating)VALUES ('Jeffrey.Nunez@edu.com','77884162','3');
INSERT INTO FALL25_S0003_T1_Watches(Student_Email,Content_ID,Rating)VALUES ('Jennifer.Johnson@edu.com','97587699','2');
INSERT INTO FALL25_S0003_T1_Watches(Student_Email,Content_ID,Rating)VALUES ('Lauren.Evans@edu.com','29088699','3');
INSERT INTO FALL25_S0003_T1_Watches(Student_Email,Content_ID,Rating)VALUES ('Chelsea.Arnold@edu.com','13957228','4');
INSERT INTO FALL25_S0003_T1_Watches(Student_Email,Content_ID,Rating)VALUES ('Kevin.Miller@edu.com','27967455','3');
INSERT INTO FALL25_S0003_T1_Watches(Student_Email,Content_ID,Rating)VALUES ('Russell.Smith.Jr.@edu.com','79054025','6');
INSERT INTO FALL25_S0003_T1_Favorite_Content(Content_ID,Student_Email)VALUES ('18737510','Brad.Frost@edu.com');
INSERT INTO FALL25_S0003_T1_Favorite_Content(Content_ID,Student_Email)VALUES ('64866141','Andrew.Lynch@edu.com');
INSERT INTO FALL25_S0003_T1_Favorite_Content(Content_ID,Student_Email)VALUES ('41594165','Samuel.Brown@edu.com');
INSERT INTO FALL25_S0003_T1_Favorite_Content(Content_ID,Student_Email)VALUES ('26836900','Kristi.Clark@edu.com');
INSERT INTO FALL25_S0003_T1_Favorite_Content(Content_ID,Student_Email)VALUES ('43138255','Daniel.Bowers@edu.com');
INSERT INTO FALL25_S0003_T1_Favorite_Content(Content_ID,Student_Email)VALUES ('32762523','Eric.Mullins@edu.com');
INSERT INTO FALL25_S0003_T1_Favorite_Content(Content_ID,Student_Email)VALUES ('08927043','Rebecca.Juarez@edu.com');
INSERT INTO FALL25_S0003_T1_Favorite_Content(Content_ID,Student_Email)VALUES ('88269506','Joseph.Holt@edu.com');
INSERT INTO FALL25_S0003_T1_Favorite_Content(Content_ID,Student_Email)VALUES ('91586007','Keith.Morgan@edu.com');
INSERT INTO FALL25_S0003_T1_Favorite_Content(Content_ID,Student_Email)VALUES ('08194002','Emma.White@edu.com');
INSERT INTO FALL25_S0003_T1_Favorite_Content(Content_ID,Student_Email)VALUES ('37712271','Gary.Wallace@edu.com');
INSERT INTO FALL25_S0003_T1_Favorite_Content(Content_ID,Student_Email)VALUES ('72510450','Mindy.King@edu.com');
INSERT INTO FALL25_S0003_T1_Favorite_Content(Content_ID,Student_Email)VALUES ('07285067','Sandra.Nelson@edu.com');
INSERT INTO FALL25_S0003_T1_Favorite_Content(Content_ID,Student_Email)VALUES ('21983680','Courtney.Flynn@edu.com');
INSERT INTO FALL25_S0003_T1_Favorite_Content(Content_ID,Student_Email)VALUES ('76593643','Thomas.Dawson@edu.com');
INSERT INTO FALL25_S0003_T1_Favorite_Content(Content_ID,Student_Email)VALUES ('42879767','Dennis.Johnson@edu.com');
INSERT INTO FALL25_S0003_T1_Favorite_Content(Content_ID,Student_Email)VALUES ('82383634','Luke.Simmons@edu.com');
INSERT INTO FALL25_S0003_T1_Favorite_Content(Content_ID,Student_Email)VALUES ('51234882','Joseph.Marquez@edu.com');
INSERT INTO FALL25_S0003_T1_Favorite_Content(Content_ID,Student_Email)VALUES ('25802658','Billy.Edwards@edu.com');
INSERT INTO FALL25_S0003_T1_Favorite_Content(Content_ID,Student_Email)VALUES ('42575197','Jeremiah.Jones@edu.com');
INSERT INTO FALL25_S0003_T1_Favorite_Content(Content_ID,Student_Email)VALUES ('82482316','Gabriel.Anderson@edu.com');
INSERT INTO FALL25_S0003_T1_Favorite_Content(Content_ID,Student_Email)VALUES ('42461820','Allen.Taylor@edu.com');
INSERT INTO FALL25_S0003_T1_Favorite_Content(Content_ID,Student_Email)VALUES ('85616998','Ashley.Martinez@edu.com');
INSERT INTO FALL25_S0003_T1_Favorite_Content(Content_ID,Student_Email)VALUES ('87146504','Hunter.Smith@edu.com');
INSERT INTO FALL25_S0003_T1_Favorite_Content(Content_ID,Student_Email)VALUES ('32673333','Nathan.Mcdonald@edu.com');
INSERT INTO FALL25_S0003_T1_Favorite_Content(Content_ID,Student_Email)VALUES ('97773253','Brian.Ashley@edu.com');
INSERT INTO FALL25_S0003_T1_Favorite_Content(Content_ID,Student_Email)VALUES ('11548977','Justin.Carpenter@edu.com');
INSERT INTO FALL25_S0003_T1_Favorite_Content(Content_ID,Student_Email)VALUES ('41787362','Shane.Rodriguez@edu.com');
INSERT INTO FALL25_S0003_T1_Favorite_Content(Content_ID,Student_Email)VALUES ('48660666','Robert.Foster@edu.com');
INSERT INTO FALL25_S0003_T1_Favorite_Content(Content_ID,Student_Email)VALUES ('27587500','Harry.Castaneda@edu.com');
INSERT INTO FALL25_S0003_T1_Favorite_Content(Content_ID,Student_Email)VALUES ('37235243','Joseph.Wood@edu.com');
INSERT INTO FALL25_S0003_T1_Favorite_Content(Content_ID,Student_Email)VALUES ('90335858','Carl.Alvarez@edu.com');
INSERT INTO FALL25_S0003_T1_Favorite_Content(Content_ID,Student_Email)VALUES ('53901733','James.Whitehead.PhD@edu.com');
INSERT INTO FALL25_S0003_T1_Favorite_Content(Content_ID,Student_Email)VALUES ('00675025','Loretta.Mitchell@edu.com');
INSERT INTO FALL25_S0003_T1_Favorite_Content(Content_ID,Student_Email)VALUES ('27627935','Robert.Macias@edu.com');
INSERT INTO FALL25_S0003_T1_Favorite_Content(Content_ID,Student_Email)VALUES ('94339541','Denise.Mann@edu.com');
INSERT INTO FALL25_S0003_T1_Favorite_Content(Content_ID,Student_Email)VALUES ('19944799','Philip.Jimenez@edu.com');
INSERT INTO FALL25_S0003_T1_Favorite_Content(Content_ID,Student_Email)VALUES ('10468874','Beverly.Graham@edu.com');
INSERT INTO FALL25_S0003_T1_Favorite_Content(Content_ID,Student_Email)VALUES ('26328071','William.Martinez@edu.com');
INSERT INTO FALL25_S0003_T1_Favorite_Content(Content_ID,Student_Email)VALUES ('21525006','Jason.Dixon.Jr.@edu.com');
INSERT INTO FALL25_S0003_T1_Favorite_Content(Content_ID,Student_Email)VALUES ('63148948','Meredith.Ramos@edu.com');
INSERT INTO FALL25_S0003_T1_Favorite_Content(Content_ID,Student_Email)VALUES ('81263643','Justin.Holt@edu.com');
INSERT INTO FALL25_S0003_T1_Favorite_Content(Content_ID,Student_Email)VALUES ('74741375','Lori.Ferrell@edu.com');
INSERT INTO FALL25_S0003_T1_Favorite_Content(Content_ID,Student_Email)VALUES ('87234167','Tristan.Mendoza@edu.com');
INSERT INTO FALL25_S0003_T1_Favorite_Content(Content_ID,Student_Email)VALUES ('77884162','Jeffrey.Nunez@edu.com');
INSERT INTO FALL25_S0003_T1_Favorite_Content(Content_ID,Student_Email)VALUES ('97587699','Jennifer.Johnson@edu.com');
INSERT INTO FALL25_S0003_T1_Favorite_Content(Content_ID,Student_Email)VALUES ('29088699','Lauren.Evans@edu.com');
INSERT INTO FALL25_S0003_T1_Favorite_Content(Content_ID,Student_Email)VALUES ('13957228','Chelsea.Arnold@edu.com');
INSERT INTO FALL25_S0003_T1_Favorite_Content(Content_ID,Student_Email)VALUES ('27967455','Kevin.Miller@edu.com');
INSERT INTO FALL25_S0003_T1_Favorite_Content(Content_ID,Student_Email)VALUES ('79054025','Russell.Smith.Jr.@edu.com');
INSERT INTO FALL25_S0003_T1_Favorite_Genre(Genre,Student_Email)VALUES ('Thiller','Brad.Frost@edu.com');
INSERT INTO FALL25_S0003_T1_Favorite_Genre(Genre,Student_Email)VALUES ('Adventure','Andrew.Lynch@edu.com');
INSERT INTO FALL25_S0003_T1_Favorite_Genre(Genre,Student_Email)VALUES ('Drama','Samuel.Brown@edu.com');
INSERT INTO FALL25_S0003_T1_Favorite_Genre(Genre,Student_Email)VALUES ('Mystery','Kristi.Clark@edu.com');
INSERT INTO FALL25_S0003_T1_Favorite_Genre(Genre,Student_Email)VALUES ('Adventure','Daniel.Bowers@edu.com');
INSERT INTO FALL25_S0003_T1_Favorite_Genre(Genre,Student_Email)VALUES ('Comedy','Eric.Mullins@edu.com');
INSERT INTO FALL25_S0003_T1_Favorite_Genre(Genre,Student_Email)VALUES ('Comedy','Rebecca.Juarez@edu.com');
INSERT INTO FALL25_S0003_T1_Favorite_Genre(Genre,Student_Email)VALUES ('Action','Joseph.Holt@edu.com');
INSERT INTO FALL25_S0003_T1_Favorite_Genre(Genre,Student_Email)VALUES ('Western','Keith.Morgan@edu.com');
INSERT INTO FALL25_S0003_T1_Favorite_Genre(Genre,Student_Email)VALUES ('Action','Emma.White@edu.com');
INSERT INTO FALL25_S0003_T1_Favorite_Genre(Genre,Student_Email)VALUES ('Romance','Gary.Wallace@edu.com');
INSERT INTO FALL25_S0003_T1_Favorite_Genre(Genre,Student_Email)VALUES ('Mystery','Mindy.King@edu.com');
INSERT INTO FALL25_S0003_T1_Favorite_Genre(Genre,Student_Email)VALUES ('Adventure','Sandra.Nelson@edu.com');
INSERT INTO FALL25_S0003_T1_Favorite_Genre(Genre,Student_Email)VALUES ('Thiller','Courtney.Flynn@edu.com');
INSERT INTO FALL25_S0003_T1_Favorite_Genre(Genre,Student_Email)VALUES ('Western','Thomas.Dawson@edu.com');
INSERT INTO FALL25_S0003_T1_Favorite_Genre(Genre,Student_Email)VALUES ('Mystery','Dennis.Johnson@edu.com');
INSERT INTO FALL25_S0003_T1_Favorite_Genre(Genre,Student_Email)VALUES ('Thiller','Luke.Simmons@edu.com');
INSERT INTO FALL25_S0003_T1_Favorite_Genre(Genre,Student_Email)VALUES ('Thiller','Joseph.Marquez@edu.com');
INSERT INTO FALL25_S0003_T1_Favorite_Genre(Genre,Student_Email)VALUES ('Drama','Billy.Edwards@edu.com');
INSERT INTO FALL25_S0003_T1_Favorite_Genre(Genre,Student_Email)VALUES ('Adventure','Jeremiah.Jones@edu.com');
INSERT INTO FALL25_S0003_T1_Favorite_Genre(Genre,Student_Email)VALUES ('Romance','Gabriel.Anderson@edu.com');
INSERT INTO FALL25_S0003_T1_Favorite_Genre(Genre,Student_Email)VALUES ('Adventure','Allen.Taylor@edu.com');
INSERT INTO FALL25_S0003_T1_Favorite_Genre(Genre,Student_Email)VALUES ('Mystery','Ashley.Martinez@edu.com');
INSERT INTO FALL25_S0003_T1_Favorite_Genre(Genre,Student_Email)VALUES ('Adventure','Hunter.Smith@edu.com');
INSERT INTO FALL25_S0003_T1_Favorite_Genre(Genre,Student_Email)VALUES ('Comedy','Nathan.Mcdonald@edu.com');
INSERT INTO FALL25_S0003_T1_Favorite_Genre(Genre,Student_Email)VALUES ('Comedy','Brian.Ashley@edu.com');
INSERT INTO FALL25_S0003_T1_Favorite_Genre(Genre,Student_Email)VALUES ('Action','Justin.Carpenter@edu.com');
INSERT INTO FALL25_S0003_T1_Favorite_Genre(Genre,Student_Email)VALUES ('Comedy','Shane.Rodriguez@edu.com');
INSERT INTO FALL25_S0003_T1_Favorite_Genre(Genre,Student_Email)VALUES ('Romance','Robert.Foster@edu.com');
INSERT INTO FALL25_S0003_T1_Favorite_Genre(Genre,Student_Email)VALUES ('Adventure','Harry.Castaneda@edu.com');
INSERT INTO FALL25_S0003_T1_Favorite_Genre(Genre,Student_Email)VALUES ('Drama','Joseph.Wood@edu.com');
INSERT INTO FALL25_S0003_T1_Favorite_Genre(Genre,Student_Email)VALUES ('Thiller','Carl.Alvarez@edu.com');
INSERT INTO FALL25_S0003_T1_Favorite_Genre(Genre,Student_Email)VALUES ('Action','James.Whitehead.PhD@edu.com');
INSERT INTO FALL25_S0003_T1_Favorite_Genre(Genre,Student_Email)VALUES ('Action','Loretta.Mitchell@edu.com');
INSERT INTO FALL25_S0003_T1_Favorite_Genre(Genre,Student_Email)VALUES ('Adventure','Robert.Macias@edu.com');
INSERT INTO FALL25_S0003_T1_Favorite_Genre(Genre,Student_Email)VALUES ('Romance','Denise.Mann@edu.com');
INSERT INTO FALL25_S0003_T1_Favorite_Genre(Genre,Student_Email)VALUES ('Action','Philip.Jimenez@edu.com');
INSERT INTO FALL25_S0003_T1_Favorite_Genre(Genre,Student_Email)VALUES ('Thiller','Beverly.Graham@edu.com');
INSERT INTO FALL25_S0003_T1_Favorite_Genre(Genre,Student_Email)VALUES ('Thiller','William.Martinez@edu.com');
INSERT INTO FALL25_S0003_T1_Favorite_Genre(Genre,Student_Email)VALUES ('Action','Jason.Dixon.Jr.@edu.com');
INSERT INTO FALL25_S0003_T1_Favorite_Genre(Genre,Student_Email)VALUES ('Comedy','Meredith.Ramos@edu.com');
INSERT INTO FALL25_S0003_T1_Favorite_Genre(Genre,Student_Email)VALUES ('Comedy','Justin.Holt@edu.com');
INSERT INTO FALL25_S0003_T1_Favorite_Genre(Genre,Student_Email)VALUES ('Drama','Lori.Ferrell@edu.com');
INSERT INTO FALL25_S0003_T1_Favorite_Genre(Genre,Student_Email)VALUES ('Western','Tristan.Mendoza@edu.com');
INSERT INTO FALL25_S0003_T1_Favorite_Genre(Genre,Student_Email)VALUES ('Adventure','Jeffrey.Nunez@edu.com');
INSERT INTO FALL25_S0003_T1_Favorite_Genre(Genre,Student_Email)VALUES ('Thiller','Jennifer.Johnson@edu.com');
INSERT INTO FALL25_S0003_T1_Favorite_Genre(Genre,Student_Email)VALUES ('Mystery','Lauren.Evans@edu.com');
INSERT INTO FALL25_S0003_T1_Favorite_Genre(Genre,Student_Email)VALUES ('Adventure','Chelsea.Arnold@edu.com');
INSERT INTO FALL25_S0003_T1_Favorite_Genre(Genre,Student_Email)VALUES ('Drama','Kevin.Miller@edu.com');
INSERT INTO FALL25_S0003_T1_Favorite_Genre(Genre,Student_Email)VALUES ('Western','Russell.Smith.Jr.@edu.com');
INSERT INTO Fall25_S0003_T1_Partnership_Information(Start_Date,End_Date,Discount,College_ID)VALUES (TO_DATE('2025-01-12', 'YYYY-MM-DD'), TO_DATE('2026-12-30', 'YYYY-MM-DD'),'$4,142.96','75844640');
INSERT INTO Fall25_S0003_T1_Partnership_Information(Start_Date,End_Date,Discount,College_ID)VALUES (TO_DATE('2025-05-03', 'YYYY-MM-DD'), TO_DATE('2028-05-27', 'YYYY-MM-DD'),'$5,865.52','05430955');
INSERT INTO Fall25_S0003_T1_Partnership_Information(Start_Date,End_Date,Discount,College_ID)VALUES (TO_DATE('2024-06-24', 'YYYY-MM-DD'), TO_DATE('2028-10-28', 'YYYY-MM-DD'),'$365.72','70806238');
INSERT INTO Fall25_S0003_T1_Partnership_Information(Start_Date,End_Date,Discount,College_ID)VALUES (TO_DATE('2024-09-02', 'YYYY-MM-DD'), TO_DATE('2029-04-16', 'YYYY-MM-DD'),'$72.95','37045348');
INSERT INTO Fall25_S0003_T1_Partnership_Information(Start_Date,End_Date,Discount,College_ID)VALUES (TO_DATE('2025-07-10', 'YYYY-MM-DD'), TO_DATE('2025-06-20', 'YYYY-MM-DD'),'$374.19','02801097');
INSERT INTO Fall25_S0003_T1_Partnership_Information(Start_Date,End_Date,Discount,College_ID)VALUES (TO_DATE('2025-09-11', 'YYYY-MM-DD'), TO_DATE('2025-12-26', 'YYYY-MM-DD'),'$89,201.24','44699889');
INSERT INTO Fall25_S0003_T1_Partnership_Information(Start_Date,End_Date,Discount,College_ID)VALUES (TO_DATE('2025-09-14', 'YYYY-MM-DD'), TO_DATE('2029-04-13', 'YYYY-MM-DD'),'$6.82','00149083');
INSERT INTO Fall25_S0003_T1_Partnership_Information(Start_Date,End_Date,Discount,College_ID)VALUES (TO_DATE('2024-08-09', 'YYYY-MM-DD'), TO_DATE('2025-05-03', 'YYYY-MM-DD'),'$3.20','65978632');
INSERT INTO Fall25_S0003_T1_Partnership_Information(Start_Date,End_Date,Discount,College_ID)VALUES (TO_DATE('2024-12-29', 'YYYY-MM-DD'), TO_DATE('2029-06-05', 'YYYY-MM-DD'),'$3.01','22166882');
INSERT INTO Fall25_S0003_T1_Partnership_Information(Start_Date,End_Date,Discount,College_ID)VALUES (TO_DATE('2024-06-08', 'YYYY-MM-DD'), TO_DATE('2029-02-24', 'YYYY-MM-DD'),'$5,055.21','17438131');
INSERT INTO Fall25_S0003_T1_Partnership_Information(Start_Date,End_Date,Discount,College_ID)VALUES (TO_DATE('2024-06-02', 'YYYY-MM-DD'), TO_DATE('2027-05-09', 'YYYY-MM-DD'),'$8.28','21183528');
INSERT INTO Fall25_S0003_T1_Partnership_Information(Start_Date,End_Date,Discount,College_ID)VALUES (TO_DATE('2024-02-12', 'YYYY-MM-DD'), TO_DATE('2027-08-04', 'YYYY-MM-DD'),'$3,851.95','95213610');
INSERT INTO Fall25_S0003_T1_Partnership_Information(Start_Date,End_Date,Discount,College_ID)VALUES (TO_DATE('2024-08-30', 'YYYY-MM-DD'), TO_DATE('2029-05-21', 'YYYY-MM-DD'),'$91.54','48985069');
INSERT INTO Fall25_S0003_T1_Partnership_Information(Start_Date,End_Date,Discount,College_ID)VALUES (TO_DATE('2024-10-29', 'YYYY-MM-DD'), TO_DATE('2025-01-03', 'YYYY-MM-DD'),'$2,718.50','36679744');
INSERT INTO Fall25_S0003_T1_Partnership_Information(Start_Date,End_Date,Discount,College_ID)VALUES (TO_DATE('2024-02-24', 'YYYY-MM-DD'), TO_DATE('2026-01-06', 'YYYY-MM-DD'),'$4.12','77845927');
INSERT INTO Fall25_S0003_T1_Partnership_Information(Start_Date,End_Date,Discount,College_ID)VALUES (TO_DATE('2024-08-21', 'YYYY-MM-DD'), TO_DATE('2027-06-04', 'YYYY-MM-DD'),'$49,316.31','80453847');
INSERT INTO Fall25_S0003_T1_Partnership_Information(Start_Date,End_Date,Discount,College_ID)VALUES (TO_DATE('2024-11-07', 'YYYY-MM-DD'), TO_DATE('2027-07-22', 'YYYY-MM-DD'),'$9,202.28','79750341');
INSERT INTO Fall25_S0003_T1_Partnership_Information(Start_Date,End_Date,Discount,College_ID)VALUES (TO_DATE('2024-01-16', 'YYYY-MM-DD'), TO_DATE('2029-02-14', 'YYYY-MM-DD'),'$955.87','83768419');
INSERT INTO Fall25_S0003_T1_Partnership_Information(Start_Date,End_Date,Discount,College_ID)VALUES (TO_DATE('2024-04-26', 'YYYY-MM-DD'), TO_DATE('2028-02-16', 'YYYY-MM-DD'),'$87,575.37','36112541');
INSERT INTO Fall25_S0003_T1_Partnership_Information(Start_Date,End_Date,Discount,College_ID)VALUES (TO_DATE('2025-05-04', 'YYYY-MM-DD'), TO_DATE('2028-11-29', 'YYYY-MM-DD'),'$4,631.07','27467147');
INSERT INTO Fall25_S0003_T1_Partnership_Information(Start_Date,End_Date,Discount,College_ID)VALUES (TO_DATE('2024-07-06', 'YYYY-MM-DD'), TO_DATE('2029-07-18', 'YYYY-MM-DD'),'$24.46','30513341');
INSERT INTO Fall25_S0003_T1_Partnership_Information(Start_Date,End_Date,Discount,College_ID)VALUES (TO_DATE('2025-07-26', 'YYYY-MM-DD'), TO_DATE('2028-01-24', 'YYYY-MM-DD'),'$3.75','51542993');
INSERT INTO Fall25_S0003_T1_Partnership_Information(Start_Date,End_Date,Discount,College_ID)VALUES (TO_DATE('2025-09-09', 'YYYY-MM-DD'), TO_DATE('2027-03-26', 'YYYY-MM-DD'),'$83,365.06','94427691');
INSERT INTO Fall25_S0003_T1_Partnership_Information(Start_Date,End_Date,Discount,College_ID)VALUES (TO_DATE('2025-08-22', 'YYYY-MM-DD'), TO_DATE('2029-11-09', 'YYYY-MM-DD'),'$84.93','88470415');
INSERT INTO Fall25_S0003_T1_Partnership_Information(Start_Date,End_Date,Discount,College_ID)VALUES (TO_DATE('2025-07-05', 'YYYY-MM-DD'), TO_DATE('2026-02-14', 'YYYY-MM-DD'),'$686.73','62027432');
INSERT INTO Fall25_S0003_T1_Partnership_Information(Start_Date,End_Date,Discount,College_ID)VALUES (TO_DATE('2025-05-09', 'YYYY-MM-DD'), TO_DATE('2025-07-17', 'YYYY-MM-DD'),'$3.88','45756044');
INSERT INTO Fall25_S0003_T1_Partnership_Information(Start_Date,End_Date,Discount,College_ID)VALUES (TO_DATE('2025-02-05', 'YYYY-MM-DD'), TO_DATE('2029-04-09', 'YYYY-MM-DD'),'$87.19','06750406');
INSERT INTO Fall25_S0003_T1_Partnership_Information(Start_Date,End_Date,Discount,College_ID)VALUES (TO_DATE('2024-06-09', 'YYYY-MM-DD'), TO_DATE('2026-06-02', 'YYYY-MM-DD'),'$80,109.69','94442988');
INSERT INTO Fall25_S0003_T1_Partnership_Information(Start_Date,End_Date,Discount,College_ID)VALUES (TO_DATE('2025-10-13', 'YYYY-MM-DD'), TO_DATE('2026-07-26', 'YYYY-MM-DD'),'$59,575.11','05512682');
INSERT INTO Fall25_S0003_T1_Partnership_Information(Start_Date,End_Date,Discount,College_ID)VALUES (TO_DATE('2025-06-14', 'YYYY-MM-DD'), TO_DATE('2029-08-17', 'YYYY-MM-DD'),'$7.79','68618858');
INSERT INTO Fall25_S0003_T1_Partnership_Information(Start_Date,End_Date,Discount,College_ID)VALUES (TO_DATE('2024-09-06', 'YYYY-MM-DD'), TO_DATE('2025-10-04', 'YYYY-MM-DD'),'$930.44','43310179');
INSERT INTO Fall25_S0003_T1_Partnership_Information(Start_Date,End_Date,Discount,College_ID)VALUES (TO_DATE('2024-07-10', 'YYYY-MM-DD'), TO_DATE('2027-07-16', 'YYYY-MM-DD'),'$93.13','75071765');
INSERT INTO Fall25_S0003_T1_Partnership_Information(Start_Date,End_Date,Discount,College_ID)VALUES (TO_DATE('2024-03-10', 'YYYY-MM-DD'), TO_DATE('2027-09-24', 'YYYY-MM-DD'),'$76.18','49862927');
INSERT INTO Fall25_S0003_T1_Partnership_Information(Start_Date,End_Date,Discount,College_ID)VALUES (TO_DATE('2024-10-20', 'YYYY-MM-DD'), TO_DATE('2028-09-18', 'YYYY-MM-DD'),'$16.04','29704342');
INSERT INTO Fall25_S0003_T1_Partnership_Information(Start_Date,End_Date,Discount,College_ID)VALUES (TO_DATE('2024-09-20', 'YYYY-MM-DD'), TO_DATE('2025-05-15', 'YYYY-MM-DD'),'$120.34','43605024');
INSERT INTO Fall25_S0003_T1_Partnership_Information(Start_Date,End_Date,Discount,College_ID)VALUES (TO_DATE('2025-10-08', 'YYYY-MM-DD'), TO_DATE('2025-06-08', 'YYYY-MM-DD'),'$114.93','92020617');
INSERT INTO Fall25_S0003_T1_Partnership_Information(Start_Date,End_Date,Discount,College_ID)VALUES (TO_DATE('2024-04-10', 'YYYY-MM-DD'), TO_DATE('2027-01-03', 'YYYY-MM-DD'),'$734.08','63444225');
INSERT INTO Fall25_S0003_T1_Partnership_Information(Start_Date,End_Date,Discount,College_ID)VALUES (TO_DATE('2025-01-21', 'YYYY-MM-DD'), TO_DATE('2027-03-17', 'YYYY-MM-DD'),'$103.78','71694155');
INSERT INTO Fall25_S0003_T1_Partnership_Information(Start_Date,End_Date,Discount,College_ID)VALUES (TO_DATE('2024-08-03', 'YYYY-MM-DD'), TO_DATE('2028-02-18', 'YYYY-MM-DD'),'$7,490.16','37500099');
INSERT INTO Fall25_S0003_T1_Partnership_Information(Start_Date,End_Date,Discount,College_ID)VALUES (TO_DATE('2024-09-16', 'YYYY-MM-DD'), TO_DATE('2025-06-25', 'YYYY-MM-DD'),'$6.56','61925442');
INSERT INTO Fall25_S0003_T1_Partnership_Information(Start_Date,End_Date,Discount,College_ID)VALUES (TO_DATE('2025-10-11', 'YYYY-MM-DD'), TO_DATE('2027-01-14', 'YYYY-MM-DD'),'$5.08','70297696');
INSERT INTO Fall25_S0003_T1_Partnership_Information(Start_Date,End_Date,Discount,College_ID)VALUES (TO_DATE('2025-02-20', 'YYYY-MM-DD'), TO_DATE('2029-03-22', 'YYYY-MM-DD'),'$351.22','96845393');
INSERT INTO Fall25_S0003_T1_Partnership_Information(Start_Date,End_Date,Discount,College_ID)VALUES (TO_DATE('2024-07-27', 'YYYY-MM-DD'), TO_DATE('2026-02-01', 'YYYY-MM-DD'),'$2,933.09','54449924');
INSERT INTO Fall25_S0003_T1_Partnership_Information(Start_Date,End_Date,Discount,College_ID)VALUES (TO_DATE('2024-02-15', 'YYYY-MM-DD'), TO_DATE('2026-12-29', 'YYYY-MM-DD'),'$92.68','40581597');
INSERT INTO Fall25_S0003_T1_Partnership_Information(Start_Date,End_Date,Discount,College_ID)VALUES (TO_DATE('2024-07-10', 'YYYY-MM-DD'), TO_DATE('2028-06-12', 'YYYY-MM-DD'),'$55,763.84','47353328');
INSERT INTO Fall25_S0003_T1_Partnership_Information(Start_Date,End_Date,Discount,College_ID)VALUES (TO_DATE('2025-07-06', 'YYYY-MM-DD'), TO_DATE('2027-04-15', 'YYYY-MM-DD'),'$477.90','46615847');
INSERT INTO Fall25_S0003_T1_Partnership_Information(Start_Date,End_Date,Discount,College_ID)VALUES (TO_DATE('2024-01-01', 'YYYY-MM-DD'), TO_DATE('2028-02-27', 'YYYY-MM-DD'),'$22.65','58354387');
INSERT INTO Fall25_S0003_T1_Partnership_Information(Start_Date,End_Date,Discount,College_ID)VALUES (TO_DATE('2024-02-18', 'YYYY-MM-DD'), TO_DATE('2025-01-23', 'YYYY-MM-DD'),'$88.86','55219577');
INSERT INTO Fall25_S0003_T1_Partnership_Information(Start_Date,End_Date,Discount,College_ID)VALUES (TO_DATE('2024-07-30', 'YYYY-MM-DD'), TO_DATE('2027-10-03', 'YYYY-MM-DD'),'$57.96','74940275');
INSERT INTO Fall25_S0003_T1_Partnership_Information(Start_Date,End_Date,Discount,College_ID)VALUES (TO_DATE('2024-05-06', 'YYYY-MM-DD'), TO_DATE('2025-01-18', 'YYYY-MM-DD'),'$38.68','78034090');
INSERT INTO Fall25_S0003_T1_Location(State,Zip_Code,City,Street_Address,College_ID)VALUES ('IL','96458','North Courtney','4231 Jessica Cliff Apt. 587','75844640');
INSERT INTO Fall25_S0003_T1_Location(State,Zip_Code,City,Street_Address,College_ID)VALUES ('ID','58132','New Angela','735 Marshall Manors','05430955');
INSERT INTO Fall25_S0003_T1_Location(State,Zip_Code,City,Street_Address,College_ID)VALUES ('ND','58374','Catherinemouth','049 Rachel Greens','70806238');
INSERT INTO Fall25_S0003_T1_Location(State,Zip_Code,City,Street_Address,College_ID)VALUES ('SC','87602','Johnborough','269 Johnson Mills Apt. 820','37045348');
INSERT INTO Fall25_S0003_T1_Location(State,Zip_Code,City,Street_Address,College_ID)VALUES ('NE','88418','Nicholasmouth','7989 John Camp Apt. 330','02801097');
INSERT INTO Fall25_S0003_T1_Location(State,Zip_Code,City,Street_Address,College_ID)VALUES ('HI','76305','East Danielmouth','31082 Phillips Island Apt. 328','44699889');
INSERT INTO Fall25_S0003_T1_Location(State,Zip_Code,City,Street_Address,College_ID)VALUES ('WI','54959','Port Sarahburgh','741 Anthony Glens','00149083');
INSERT INTO Fall25_S0003_T1_Location(State,Zip_Code,City,Street_Address,College_ID)VALUES ('TN','43696','North Georgeton','452 Hannah Pass Suite 194','65978632');
INSERT INTO Fall25_S0003_T1_Location(State,Zip_Code,City,Street_Address,College_ID)VALUES ('TX','25843','New Joelberg','037 Amanda Extension Apt. 669','22166882');
INSERT INTO Fall25_S0003_T1_Location(State,Zip_Code,City,Street_Address,College_ID)VALUES ('MS','55349','Lauratown','71278 Kirk Camp Suite 280','17438131');
INSERT INTO Fall25_S0003_T1_Location(State,Zip_Code,City,Street_Address,College_ID)VALUES ('MN','99315','East Ashleyland','4462 Roberts Forge Suite 894','21183528');
INSERT INTO Fall25_S0003_T1_Location(State,Zip_Code,City,Street_Address,College_ID)VALUES ('NC','93754','Millerfort','37122 Lori Ways Suite 665','95213610');
INSERT INTO Fall25_S0003_T1_Location(State,Zip_Code,City,Street_Address,College_ID)VALUES ('MN','70256','Johnview','9940 Monique Underpass','48985069');
INSERT INTO Fall25_S0003_T1_Location(State,Zip_Code,City,Street_Address,College_ID)VALUES ('AZ','20082','Seanmouth','17678 Smith Mountain Suite 157','36679744');
INSERT INTO Fall25_S0003_T1_Location(State,Zip_Code,City,Street_Address,College_ID)VALUES ('VI','33769','East Joanne','1250 Cervantes Junctions Apt. 462','77845927');
INSERT INTO Fall25_S0003_T1_Location(State,Zip_Code,City,Street_Address,College_ID)VALUES ('KY','90325','Allenport','451 Spencer Prairie','80453847');
INSERT INTO Fall25_S0003_T1_Location(State,Zip_Code,City,Street_Address,College_ID)VALUES ('MI','21513','Port Cheryl','860 Robert Highway Apt. 012','79750341');
INSERT INTO Fall25_S0003_T1_Location(State,Zip_Code,City,Street_Address,College_ID)VALUES ('WY','47668','Cynthiaview','6519 Wade Shoal Suite 027','83768419');
INSERT INTO Fall25_S0003_T1_Location(State,Zip_Code,City,Street_Address,College_ID)VALUES ('PA','28645','Stevenbury','19490 Jimenez Square','36112541');
INSERT INTO Fall25_S0003_T1_Location(State,Zip_Code,City,Street_Address,College_ID)VALUES ('OH','08190','West Gary','29195 Jones Drive','27467147');
INSERT INTO Fall25_S0003_T1_Location(State,Zip_Code,City,Street_Address,College_ID)VALUES ('MA','23045','Jonesstad','82836 Austin Turnpike Suite 751','30513341');
INSERT INTO Fall25_S0003_T1_Location(State,Zip_Code,City,Street_Address,College_ID)VALUES ('WV','33448','Lake Johnberg','044 Christian Neck','51542993');
INSERT INTO Fall25_S0003_T1_Location(State,Zip_Code,City,Street_Address,College_ID)VALUES ('WI','61826','Luisburgh','92560 Holmes Overpass Apt. 180','94427691');
INSERT INTO Fall25_S0003_T1_Location(State,Zip_Code,City,Street_Address,College_ID)VALUES ('OK','41476','Michellehaven','126 Garcia Greens Apt. 350','88470415');
INSERT INTO Fall25_S0003_T1_Location(State,Zip_Code,City,Street_Address,College_ID)VALUES ('CA','66523','North David','25226 Edward Radial Suite 207','62027432');
INSERT INTO Fall25_S0003_T1_Location(State,Zip_Code,City,Street_Address,College_ID)VALUES ('WV','30754','Kennethland','527 Roach Falls','45756044');
INSERT INTO Fall25_S0003_T1_Location(State,Zip_Code,City,Street_Address,College_ID)VALUES ('GU','20628','Michaelborough','7496 Sherman Burgs','06750406');
INSERT INTO Fall25_S0003_T1_Location(State,Zip_Code,City,Street_Address,College_ID)VALUES ('CO','31445','Baileyside','43853 Juan Fork Suite 880','94442988');
INSERT INTO Fall25_S0003_T1_Location(State,Zip_Code,City,Street_Address,College_ID)VALUES ('CO','57416','Bakertown','5569 Harper Mission','05512682');
INSERT INTO Fall25_S0003_T1_Location(State,Zip_Code,City,Street_Address,College_ID)VALUES ('MT','88171','Davisberg','1979 Garcia River Apt. 173','68618858');
INSERT INTO Fall25_S0003_T1_Location(State,Zip_Code,City,Street_Address,College_ID)VALUES ('KS','47292','Heatherchester','486 Rachael Pass Apt. 695','43310179');
INSERT INTO Fall25_S0003_T1_Location(State,Zip_Code,City,Street_Address,College_ID)VALUES ('TN','81074','South Coryville','9915 Stephanie Overpass Apt. 584','75071765');
INSERT INTO Fall25_S0003_T1_Location(State,Zip_Code,City,Street_Address,College_ID)VALUES ('SD','97980','Saunderstown','3800 Patrick Inlet Suite 307','49862927');
INSERT INTO Fall25_S0003_T1_Location(State,Zip_Code,City,Street_Address,College_ID)VALUES ('CT','02968','Mooreburgh','3332 Andrea Freeway','29704342');
INSERT INTO Fall25_S0003_T1_Location(State,Zip_Code,City,Street_Address,College_ID)VALUES ('ID','83734','Lake John','72987 Ryan Plaza Apt. 171','43605024');
INSERT INTO Fall25_S0003_T1_Location(State,Zip_Code,City,Street_Address,College_ID)VALUES ('MT','21356','Kimberlyfurt','3093 Garcia Lights Suite 053','92020617');
INSERT INTO Fall25_S0003_T1_Location(State,Zip_Code,City,Street_Address,College_ID)VALUES ('ID','34421','North Savannah','264 Kristine Port','63444225');
INSERT INTO Fall25_S0003_T1_Location(State,Zip_Code,City,Street_Address,College_ID)VALUES ('TN','21508','Heatherborough','2858 Lisa Junction','71694155');
INSERT INTO Fall25_S0003_T1_Location(State,Zip_Code,City,Street_Address,College_ID)VALUES ('ND','70976','Webbfort','3509 Jamie Port Suite 086','37500099');
INSERT INTO Fall25_S0003_T1_Location(State,Zip_Code,City,Street_Address,College_ID)VALUES ('NY','60769','Henrymouth','597 Hampton Hills','61925442');
INSERT INTO Fall25_S0003_T1_Location(State,Zip_Code,City,Street_Address,College_ID)VALUES ('WY','23960','East Shannon','91803 Garza Drive','70297696');
INSERT INTO Fall25_S0003_T1_Location(State,Zip_Code,City,Street_Address,College_ID)VALUES ('NJ','78700','Ewingburgh','055 Mills Groves','96845393');
INSERT INTO Fall25_S0003_T1_Location(State,Zip_Code,City,Street_Address,College_ID)VALUES ('SD','16927','Gillton','3832 Murphy Glen','54449924');
INSERT INTO Fall25_S0003_T1_Location(State,Zip_Code,City,Street_Address,College_ID)VALUES ('OR','27701','Lopezfurt','16962 Jeremy Rue Suite 171','40581597');
INSERT INTO Fall25_S0003_T1_Location(State,Zip_Code,City,Street_Address,College_ID)VALUES ('NJ','50967','West Joshuaview','3129 May Divide','47353328');
INSERT INTO Fall25_S0003_T1_Location(State,Zip_Code,City,Street_Address,College_ID)VALUES ('AZ','08424','East Randallland','6946 Bolton Centers','46615847');
INSERT INTO Fall25_S0003_T1_Location(State,Zip_Code,City,Street_Address,College_ID)VALUES ('VA','68619','West Ronaldview','00210 Adams River','58354387');
INSERT INTO Fall25_S0003_T1_Location(State,Zip_Code,City,Street_Address,College_ID)VALUES ('DE','93215','Dianeburgh','88987 Brennan Glens','55219577');
INSERT INTO Fall25_S0003_T1_Location(State,Zip_Code,City,Street_Address,College_ID)VALUES ('AL','93919','South Jessica','67692 Williams Expressway Suite 619','74940275');
INSERT INTO Fall25_S0003_T1_Location(State,Zip_Code,City,Street_Address,College_ID)VALUES ('DC','99227','Port Rachel','63684 Patrick Valleys','78034090');
INSERT INTO Fall25_S0003_T1_Genre(Genre,Content_ID)VALUES ('Thiller','18737510');
INSERT INTO Fall25_S0003_T1_Genre(Genre,Content_ID)VALUES ('Comedy','64866141');
INSERT INTO Fall25_S0003_T1_Genre(Genre,Content_ID)VALUES ('Adventure','41594165');
INSERT INTO Fall25_S0003_T1_Genre(Genre,Content_ID)VALUES ('Drama','26836900');
INSERT INTO Fall25_S0003_T1_Genre(Genre,Content_ID)VALUES ('Action','43138255');
INSERT INTO Fall25_S0003_T1_Genre(Genre,Content_ID)VALUES ('Western','32762523');
INSERT INTO Fall25_S0003_T1_Genre(Genre,Content_ID)VALUES ('Drama','08927043');
INSERT INTO Fall25_S0003_T1_Genre(Genre,Content_ID)VALUES ('Action','88269506');
INSERT INTO Fall25_S0003_T1_Genre(Genre,Content_ID)VALUES ('Western','91586007');
INSERT INTO Fall25_S0003_T1_Genre(Genre,Content_ID)VALUES ('Comedy','08194002');
INSERT INTO Fall25_S0003_T1_Genre(Genre,Content_ID)VALUES ('Comedy','37712271');
INSERT INTO Fall25_S0003_T1_Genre(Genre,Content_ID)VALUES ('Mystery','72510450');
INSERT INTO Fall25_S0003_T1_Genre(Genre,Content_ID)VALUES ('Romance','07285067');
INSERT INTO Fall25_S0003_T1_Genre(Genre,Content_ID)VALUES ('Romance','21983680');
INSERT INTO Fall25_S0003_T1_Genre(Genre,Content_ID)VALUES ('Romance','76593643');
INSERT INTO Fall25_S0003_T1_Genre(Genre,Content_ID)VALUES ('Comedy','42879767');
INSERT INTO Fall25_S0003_T1_Genre(Genre,Content_ID)VALUES ('Drama','82383634');
INSERT INTO Fall25_S0003_T1_Genre(Genre,Content_ID)VALUES ('Action','51234882');
INSERT INTO Fall25_S0003_T1_Genre(Genre,Content_ID)VALUES ('Romance','25802658');
INSERT INTO Fall25_S0003_T1_Genre(Genre,Content_ID)VALUES ('Thiller','42575197');
INSERT INTO Fall25_S0003_T1_Genre(Genre,Content_ID)VALUES ('Western','82482316');
INSERT INTO Fall25_S0003_T1_Genre(Genre,Content_ID)VALUES ('Action','42461820');
INSERT INTO Fall25_S0003_T1_Genre(Genre,Content_ID)VALUES ('Drama','85616998');
INSERT INTO Fall25_S0003_T1_Genre(Genre,Content_ID)VALUES ('Drama','87146504');
INSERT INTO Fall25_S0003_T1_Genre(Genre,Content_ID)VALUES ('Action','32673333');
INSERT INTO Fall25_S0003_T1_Genre(Genre,Content_ID)VALUES ('Western','97773253');
INSERT INTO Fall25_S0003_T1_Genre(Genre,Content_ID)VALUES ('Thiller','11548977');
INSERT INTO Fall25_S0003_T1_Genre(Genre,Content_ID)VALUES ('Romance','41787362');
INSERT INTO Fall25_S0003_T1_Genre(Genre,Content_ID)VALUES ('Thiller','48660666');
INSERT INTO Fall25_S0003_T1_Genre(Genre,Content_ID)VALUES ('Romance','27587500');
INSERT INTO Fall25_S0003_T1_Genre(Genre,Content_ID)VALUES ('Comedy','37235243');
INSERT INTO Fall25_S0003_T1_Genre(Genre,Content_ID)VALUES ('Drama','90335858');
INSERT INTO Fall25_S0003_T1_Genre(Genre,Content_ID)VALUES ('Thiller','53901733');
INSERT INTO Fall25_S0003_T1_Genre(Genre,Content_ID)VALUES ('Adventure','00675025');
INSERT INTO Fall25_S0003_T1_Genre(Genre,Content_ID)VALUES ('Drama','27627935');
INSERT INTO Fall25_S0003_T1_Genre(Genre,Content_ID)VALUES ('Adventure','94339541');
INSERT INTO Fall25_S0003_T1_Genre(Genre,Content_ID)VALUES ('Action','19944799');
INSERT INTO Fall25_S0003_T1_Genre(Genre,Content_ID)VALUES ('Mystery','10468874');
INSERT INTO Fall25_S0003_T1_Genre(Genre,Content_ID)VALUES ('Thiller','26328071');
INSERT INTO Fall25_S0003_T1_Genre(Genre,Content_ID)VALUES ('Thiller','21525006');
INSERT INTO Fall25_S0003_T1_Genre(Genre,Content_ID)VALUES ('Thiller','63148948');
INSERT INTO Fall25_S0003_T1_Genre(Genre,Content_ID)VALUES ('Thiller','81263643');
INSERT INTO Fall25_S0003_T1_Genre(Genre,Content_ID)VALUES ('Drama','74741375');
INSERT INTO Fall25_S0003_T1_Genre(Genre,Content_ID)VALUES ('Mystery','87234167');
INSERT INTO Fall25_S0003_T1_Genre(Genre,Content_ID)VALUES ('Drama','77884162');
INSERT INTO Fall25_S0003_T1_Genre(Genre,Content_ID)VALUES ('Mystery','97587699');
INSERT INTO Fall25_S0003_T1_Genre(Genre,Content_ID)VALUES ('Thiller','29088699');
INSERT INTO Fall25_S0003_T1_Genre(Genre,Content_ID)VALUES ('Comedy','13957228');
INSERT INTO Fall25_S0003_T1_Genre(Genre,Content_ID)VALUES ('Thiller','27967455');
INSERT INTO Fall25_S0003_T1_Genre(Genre,Content_ID)VALUES ('Comedy','79054025');
INSERT INTO Fall25_S0003_T1_Language(Language,Content_ID)VALUES ('Spanish','18737510');
INSERT INTO Fall25_S0003_T1_Language(Language,Content_ID)VALUES ('Arabic','64866141');
INSERT INTO Fall25_S0003_T1_Language(Language,Content_ID)VALUES ('Russian','41594165');
INSERT INTO Fall25_S0003_T1_Language(Language,Content_ID)VALUES ('Japanese','26836900');
INSERT INTO Fall25_S0003_T1_Language(Language,Content_ID)VALUES ('German','43138255');
INSERT INTO Fall25_S0003_T1_Language(Language,Content_ID)VALUES ('Japanese','32762523');
INSERT INTO Fall25_S0003_T1_Language(Language,Content_ID)VALUES ('Hindi','08927043');
INSERT INTO Fall25_S0003_T1_Language(Language,Content_ID)VALUES ('German','88269506');
INSERT INTO Fall25_S0003_T1_Language(Language,Content_ID)VALUES ('Arabic','91586007');
INSERT INTO Fall25_S0003_T1_Language(Language,Content_ID)VALUES ('Japanese','08194002');
INSERT INTO Fall25_S0003_T1_Language(Language,Content_ID)VALUES ('Korean','37712271');
INSERT INTO Fall25_S0003_T1_Language(Language,Content_ID)VALUES ('Spanish','72510450');
INSERT INTO Fall25_S0003_T1_Language(Language,Content_ID)VALUES ('Spanish','07285067');
INSERT INTO Fall25_S0003_T1_Language(Language,Content_ID)VALUES ('Korean','21983680');
INSERT INTO Fall25_S0003_T1_Language(Language,Content_ID)VALUES ('Korean','76593643');
INSERT INTO Fall25_S0003_T1_Language(Language,Content_ID)VALUES ('Spanish','42879767');
INSERT INTO Fall25_S0003_T1_Language(Language,Content_ID)VALUES ('Spanish','82383634');
INSERT INTO Fall25_S0003_T1_Language(Language,Content_ID)VALUES ('English','51234882');
INSERT INTO Fall25_S0003_T1_Language(Language,Content_ID)VALUES ('Russian','25802658');
INSERT INTO Fall25_S0003_T1_Language(Language,Content_ID)VALUES ('Hindi','42575197');
INSERT INTO Fall25_S0003_T1_Language(Language,Content_ID)VALUES ('Russian','82482316');
INSERT INTO Fall25_S0003_T1_Language(Language,Content_ID)VALUES ('German','42461820');
INSERT INTO Fall25_S0003_T1_Language(Language,Content_ID)VALUES ('English','85616998');
INSERT INTO Fall25_S0003_T1_Language(Language,Content_ID)VALUES ('Spanish','87146504');
INSERT INTO Fall25_S0003_T1_Language(Language,Content_ID)VALUES ('Spanish','32673333');
INSERT INTO Fall25_S0003_T1_Language(Language,Content_ID)VALUES ('Arabic','97773253');
INSERT INTO Fall25_S0003_T1_Language(Language,Content_ID)VALUES ('French','11548977');
INSERT INTO Fall25_S0003_T1_Language(Language,Content_ID)VALUES ('Korean','41787362');
INSERT INTO Fall25_S0003_T1_Language(Language,Content_ID)VALUES ('Hindi','48660666');
INSERT INTO Fall25_S0003_T1_Language(Language,Content_ID)VALUES ('German','27587500');
INSERT INTO Fall25_S0003_T1_Language(Language,Content_ID)VALUES ('English','37235243');
INSERT INTO Fall25_S0003_T1_Language(Language,Content_ID)VALUES ('French','90335858');
INSERT INTO Fall25_S0003_T1_Language(Language,Content_ID)VALUES ('Portuguese','53901733');
INSERT INTO Fall25_S0003_T1_Language(Language,Content_ID)VALUES ('Spanish','00675025');
INSERT INTO Fall25_S0003_T1_Language(Language,Content_ID)VALUES ('German','27627935');
INSERT INTO Fall25_S0003_T1_Language(Language,Content_ID)VALUES ('German','94339541');
INSERT INTO Fall25_S0003_T1_Language(Language,Content_ID)VALUES ('Russian','19944799');
INSERT INTO Fall25_S0003_T1_Language(Language,Content_ID)VALUES ('French','10468874');
INSERT INTO Fall25_S0003_T1_Language(Language,Content_ID)VALUES ('Korean','26328071');
INSERT INTO Fall25_S0003_T1_Language(Language,Content_ID)VALUES ('German','21525006');
INSERT INTO Fall25_S0003_T1_Language(Language,Content_ID)VALUES ('English','63148948');
INSERT INTO Fall25_S0003_T1_Language(Language,Content_ID)VALUES ('Korean','81263643');
INSERT INTO Fall25_S0003_T1_Language(Language,Content_ID)VALUES ('Hindi','74741375');
INSERT INTO Fall25_S0003_T1_Language(Language,Content_ID)VALUES ('Russian','87234167');
INSERT INTO Fall25_S0003_T1_Language(Language,Content_ID)VALUES ('Korean','77884162');
INSERT INTO Fall25_S0003_T1_Language(Language,Content_ID)VALUES ('Korean','97587699');
INSERT INTO Fall25_S0003_T1_Language(Language,Content_ID)VALUES ('Korean','29088699');
INSERT INTO Fall25_S0003_T1_Language(Language,Content_ID)VALUES ('Korean','13957228');
INSERT INTO Fall25_S0003_T1_Language(Language,Content_ID)VALUES ('Spanish','27967455');
INSERT INTO Fall25_S0003_T1_Language(Language,Content_ID)VALUES ('Hindi','79054025');
