INSERT INTO Fall25_S0003_T1_College (Name, College_ID, Phone, Email) VALUES ('Ronaldton University', '29762031', '0248410883', 'RonaldtonUniversity@edu.com');
INSERT INTO Fall25_S0003_T1_College (Name, College_ID, Phone, Email) VALUES ('Scottport University', '96242639', '9531863030', 'ScottportUniversity@edu.com');
INSERT INTO Fall25_S0003_T1_College (Name, College_ID, Phone, Email) VALUES ('Marcusbury University', '63460710', '4991582037', 'MarcusburyUniversity@edu.com');
INSERT INTO Fall25_S0003_T1_College (Name, College_ID, Phone, Email) VALUES ('Carrieside University', '52872052', '2801366891', 'CarriesideUniversity@edu.com');
INSERT INTO Fall25_S0003_T1_College (Name, College_ID, Phone, Email) VALUES ('Lake Valeriestad University', '32100838', '2884515105', 'LakeValeriestadUniversity@edu.com');
INSERT INTO Fall25_S0003_T1_College (Name, College_ID, Phone, Email) VALUES ('West Kristin University', '22870712', '0188795660', 'WestKristinUniversity@edu.com');
INSERT INTO Fall25_S0003_T1_College (Name, College_ID, Phone, Email) VALUES ('West Raymondchester University', '58483120', '2289850001', 'WestRaymondchesterUniversity@edu.com');
INSERT INTO Fall25_S0003_T1_College (Name, College_ID, Phone, Email) VALUES ('Bethside University', '57310671', '9594694977', 'BethsideUniversity@edu.com');
INSERT INTO Fall25_S0003_T1_College (Name, College_ID, Phone, Email) VALUES ('Robertmouth University', '61761189', '8128334369', 'RobertmouthUniversity@edu.com');
INSERT INTO Fall25_S0003_T1_College (Name, College_ID, Phone, Email) VALUES ('East Amymouth University', '06658284', '0772598831', 'EastAmymouthUniversity@edu.com');
INSERT INTO FALL25_S0003_T1_Student(Name,Email,College_ID,Student_ID,Acad_Status,Major)VALUES ('Margaret Garcia','Margaret.Garcia@edu.com','29762031','46428933','PHD','Lawyer');
INSERT INTO FALL25_S0003_T1_Student(Name,Email,College_ID,Student_ID,Acad_Status,Major)VALUES ('April Murphy','April.Murphy@edu.com','96242639','66367566','Associate','History');
INSERT INTO FALL25_S0003_T1_Student(Name,Email,College_ID,Student_ID,Acad_Status,Major)VALUES ('Jennifer Garcia','Jennifer.Garcia@edu.com','63460710','90716841','Masters','Lawyer');
INSERT INTO FALL25_S0003_T1_Student(Name,Email,College_ID,Student_ID,Acad_Status,Major)VALUES ('Donna Wilson','Donna.Wilson@edu.com','52872052','27222698','PHD','NULL');
INSERT INTO FALL25_S0003_T1_Student(Name,Email,College_ID,Student_ID,Acad_Status,Major)VALUES ('William Rodriguez','William.Rodriguez@edu.com','32100838','03115968','PHD','Lawyer');
INSERT INTO FALL25_S0003_T1_Student(Name,Email,College_ID,Student_ID,Acad_Status,Major)VALUES ('Thomas Rocha','Thomas.Rocha@edu.com','22870712','73129599','Bachelor','History');
INSERT INTO FALL25_S0003_T1_Student(Name,Email,College_ID,Student_ID,Acad_Status,Major)VALUES ('Jacob Day','Jacob.Day@edu.com','58483120','36688867','Bachelor','CS');
INSERT INTO FALL25_S0003_T1_Student(Name,Email,College_ID,Student_ID,Acad_Status,Major)VALUES ('Paul Simmons','Paul.Simmons@edu.com','57310671','42670421','Associate','Lawyer');
INSERT INTO FALL25_S0003_T1_Student(Name,Email,College_ID,Student_ID,Acad_Status,Major)VALUES ('Michael Moore','Michael.Moore@edu.com','61761189','50045098','Bachelor','NULL');
INSERT INTO FALL25_S0003_T1_Student(Name,Email,College_ID,Student_ID,Acad_Status,Major)VALUES ('Martin Nielsen','Martin.Nielsen@edu.com','06658284','88731199','Associate','Nurse');
INSERT INTO FALL25_S0003_T1_Content_Provider(Name,Content_ID,Phone,Email)VALUES ('Blankenship-Malone','89306350','0560686137','Blankenship-Malone@bussines.com');
INSERT INTO FALL25_S0003_T1_Content_Provider(Name,Content_ID,Phone,Email)VALUES ('Torres, Smith and Stephens','63518786','5098090546','Torres.Smith.and.Stephens@bussines.com');
INSERT INTO FALL25_S0003_T1_Content_Provider(Name,Content_ID,Phone,Email)VALUES ('Davis-Jones','86628492','7729609013','Davis-Jones@bussines.com');
INSERT INTO FALL25_S0003_T1_Content_Provider(Name,Content_ID,Phone,Email)VALUES ('Lewis and Sons','88838461','2857618255','Lewis.and.Sons@bussines.com');
INSERT INTO FALL25_S0003_T1_Content_Provider(Name,Content_ID,Phone,Email)VALUES ('Hudson-Gross','27958517','5195749622','Hudson-Gross@bussines.com');
INSERT INTO FALL25_S0003_T1_Content_Provider(Name,Content_ID,Phone,Email)VALUES ('Jones-Hopkins','31791638','5837413195','Jones-Hopkins@bussines.com');
INSERT INTO FALL25_S0003_T1_Content_Provider(Name,Content_ID,Phone,Email)VALUES ('Barr, Mcclure and Hamilton','73247192','6802872753','Barr.Mcclure.and.Hamilton@bussines.com');
INSERT INTO FALL25_S0003_T1_Content_Provider(Name,Content_ID,Phone,Email)VALUES ('Jones-Johnson','10945545','0521224841','Jones-Johnson@bussines.com');
INSERT INTO FALL25_S0003_T1_Content_Provider(Name,Content_ID,Phone,Email)VALUES ('Sanders-Gregory','53148881','1776686984','Sanders-Gregory@bussines.com');
INSERT INTO FALL25_S0003_T1_Content_Provider(Name,Content_ID,Phone,Email)VALUES ('Roberts and Sons','12816010','1911574426','Roberts.and.Sons@bussines.com');
INSERT INTO FALL25_S0003_T1_License(License_ID,Provider_ID,License_Type,License_Cost,Start_Date,End_Date,Renew_Terms)VALUES ('38721122','89306350','CC','$6,100.52',TO_DATE('1998-02-03', 'YYYY-MM-DD'), TO_DATE('2016-03-23', 'YYYY-MM-DD'),'One time renewal');
INSERT INTO FALL25_S0003_T1_License(License_ID,Provider_ID,License_Type,License_Cost,Start_Date,End_Date,Renew_Terms)VALUES ('11678012','63518786','Revenue-sharing','$40,917.84',TO_DATE('2008-11-28', 'YYYY-MM-DD'), TO_DATE('2015-04-27', 'YYYY-MM-DD'),'Contract Increase');
INSERT INTO FALL25_S0003_T1_License(License_ID,Provider_ID,License_Type,License_Cost,Start_Date,End_Date,Renew_Terms)VALUES ('96702355','86628492','Revenue-sharing','$8,022.74',TO_DATE('2003-04-29', 'YYYY-MM-DD'), TO_DATE('2019-12-29', 'YYYY-MM-DD'),'No renewal');
INSERT INTO FALL25_S0003_T1_License(License_ID,Provider_ID,License_Type,License_Cost,Start_Date,End_Date,Renew_Terms)VALUES ('15337118','88838461','Time-based','$2,767.11',TO_DATE('2000-03-26', 'YYYY-MM-DD'), TO_DATE('2020-02-21', 'YYYY-MM-DD'),'Contract Increase');
INSERT INTO FALL25_S0003_T1_License(License_ID,Provider_ID,License_Type,License_Cost,Start_Date,End_Date,Renew_Terms)VALUES ('73726969','27958517','Fixed','$9.47',TO_DATE('2002-10-30', 'YYYY-MM-DD'), TO_DATE('2011-07-15', 'YYYY-MM-DD'),'No renewal');
INSERT INTO FALL25_S0003_T1_License(License_ID,Provider_ID,License_Type,License_Cost,Start_Date,End_Date,Renew_Terms)VALUES ('59731230','31791638','Fixed','$70.11',TO_DATE('2008-12-07', 'YYYY-MM-DD'), TO_DATE('2023-10-01', 'YYYY-MM-DD'),'NULL');
INSERT INTO FALL25_S0003_T1_License(License_ID,Provider_ID,License_Type,License_Cost,Start_Date,End_Date,Renew_Terms)VALUES ('48283020','73247192','Fixed','$66.57',TO_DATE('1996-11-01', 'YYYY-MM-DD'), TO_DATE('2013-09-07', 'YYYY-MM-DD'),'Contract Increase');
INSERT INTO FALL25_S0003_T1_License(License_ID,Provider_ID,License_Type,License_Cost,Start_Date,End_Date,Renew_Terms)VALUES ('24753395','10945545','Royalty-Based','$61.09',TO_DATE('1999-07-26', 'YYYY-MM-DD'), TO_DATE('2011-05-26', 'YYYY-MM-DD'),'Contract Increase');
INSERT INTO FALL25_S0003_T1_License(License_ID,Provider_ID,License_Type,License_Cost,Start_Date,End_Date,Renew_Terms)VALUES ('97558846','53148881','Fixed','$8.41',TO_DATE('1996-09-11', 'YYYY-MM-DD'), TO_DATE('2025-10-10', 'YYYY-MM-DD'),'Automatic Renewal');
INSERT INTO FALL25_S0003_T1_License(License_ID,Provider_ID,License_Type,License_Cost,Start_Date,End_Date,Renew_Terms)VALUES ('01121680','12816010','Time-based','$49,138.92',TO_DATE('2003-09-09', 'YYYY-MM-DD'), TO_DATE('2019-04-06', 'YYYY-MM-DD'),'One time renewal');
INSERT INTO FALL25_S0003_T1_Content(Title,Content_ID,License_ID,Maturity,Type,Seasons,Episodes,Year,Duration)VALUES ('Object-based tertiary flexibility', '89306350', '38721122', 'TV-MA', 'TV Shows', 'Four', '32', '1960', '300');
INSERT INTO FALL25_S0003_T1_Content(Title,Content_ID,License_ID,Maturity,Type,Seasons,Episodes,Year,Duration)VALUES ('Synergistic well-modulated algorithm', '63518786', '11678012', 'TV-PG', 'TV Shows', 'Three', '90', '1965', '60');
INSERT INTO FALL25_S0003_T1_Content(Title,Content_ID,License_ID,Maturity,Type,Seasons,Episodes,Year,Duration)VALUES ('Virtual transitional function', '86628492', '96702355', 'TV-Y', 'Seasons', 'Eight', 'Cont', '1994', '90');
INSERT INTO FALL25_S0003_T1_Content(Title,Content_ID,License_ID,Maturity,Type,Seasons,Episodes,Year,Duration)VALUES ('Organic mobile model', '88838461', '15337118', 'TV-Y', 'Movie', 'One', '1', '2023', '90');
INSERT INTO FALL25_S0003_T1_Content(Title,Content_ID,License_ID,Maturity,Type,Seasons,Episodes,Year,Duration)VALUES ('Profit-focused eco-centric moderator', '27958517', '73726969', 'TV-Y', 'Movie', 'Two', 'Cont', '2002', '120');
INSERT INTO FALL25_S0003_T1_Content(Title,Content_ID,License_ID,Maturity,Type,Seasons,Episodes,Year,Duration)VALUES ('Ergonomic 4thgeneration budgetary management', '31791638', '59731230', 'TV-PG', 'Movie', 'Six', '12', '2001', '24');
INSERT INTO FALL25_S0003_T1_Content(Title,Content_ID,License_ID,Maturity,Type,Seasons,Episodes,Year,Duration)VALUES ('Integrated dynamic model', '73247192', '48283020', 'TV-14', 'Movie', 'Five', '60', '1978', '12');
INSERT INTO FALL25_S0003_T1_Content(Title,Content_ID,License_ID,Maturity,Type,Seasons,Episodes,Year,Duration)VALUES ('Inverse zero tolerance support', '10945545', '24753395', 'TV-MA', 'TV Shows', 'Seven', '12', '1992', '32');
INSERT INTO FALL25_S0003_T1_Content(Title,Content_ID,License_ID,Maturity,Type,Seasons,Episodes,Year,Duration)VALUES ('Automated optimal projection', '53148881', '97558846', 'TV-14', 'Movie', 'Eight', 'Cont', '1975', '240');
INSERT INTO FALL25_S0003_T1_Content(Title,Content_ID,License_ID,Maturity,Type,Seasons,Episodes,Year,Duration)VALUES ('Business-focused next generation definition', '12816010', '01121680', 'TV-G', 'TV Shows', 'Four', '60', '1997', '90');
INSERT INTO FALL25_S0003_T1_Watch_History(Student_Email,Content_ID,Watch_ID,Watch_Time,Watch_Date,Device_Type,Duration)VALUES ('Margaret.Garcia@edu.com','89306350','79773891','19:09:34',TO_DATE('2025-10-08', 'YYYY-MM-DD'),'PC','120');
INSERT INTO FALL25_S0003_T1_Watch_History(Student_Email,Content_ID,Watch_ID,Watch_Time,Watch_Date,Device_Type,Duration)VALUES ('April.Murphy@edu.com','63518786','76495193','13:44:45',TO_DATE('2025-08-17', 'YYYY-MM-DD'),'Android','120');
INSERT INTO FALL25_S0003_T1_Watch_History(Student_Email,Content_ID,Watch_ID,Watch_Time,Watch_Date,Device_Type,Duration)VALUES ('Jennifer.Garcia@edu.com','86628492','39358310','21:10:11',TO_DATE('2025-09-04', 'YYYY-MM-DD'),'PC','24');
INSERT INTO FALL25_S0003_T1_Watch_History(Student_Email,Content_ID,Watch_ID,Watch_Time,Watch_Date,Device_Type,Duration)VALUES ('Donna.Wilson@edu.com','88838461','35975584','01:15:40',TO_DATE('2025-08-07', 'YYYY-MM-DD'),'Android','240');
INSERT INTO FALL25_S0003_T1_Watch_History(Student_Email,Content_ID,Watch_ID,Watch_Time,Watch_Date,Device_Type,Duration)VALUES ('William.Rodriguez@edu.com','27958517','65362960','23:11:47',TO_DATE('2024-07-19', 'YYYY-MM-DD'),'Iphone','24');
INSERT INTO FALL25_S0003_T1_Watch_History(Student_Email,Content_ID,Watch_ID,Watch_Time,Watch_Date,Device_Type,Duration)VALUES ('Thomas.Rocha@edu.com','31791638','61278676','11:37:37',TO_DATE('2025-04-11', 'YYYY-MM-DD'),'Android','24');
INSERT INTO FALL25_S0003_T1_Watch_History(Student_Email,Content_ID,Watch_ID,Watch_Time,Watch_Date,Device_Type,Duration)VALUES ('Jacob.Day@edu.com','73247192','58909927','18:54:48',TO_DATE('2024-03-29', 'YYYY-MM-DD'),'Iphone','12');
INSERT INTO FALL25_S0003_T1_Watch_History(Student_Email,Content_ID,Watch_ID,Watch_Time,Watch_Date,Device_Type,Duration)VALUES ('Paul.Simmons@edu.com','10945545','63669375','09:28:21',TO_DATE('2024-09-24', 'YYYY-MM-DD'),'PC','120');
INSERT INTO FALL25_S0003_T1_Watch_History(Student_Email,Content_ID,Watch_ID,Watch_Time,Watch_Date,Device_Type,Duration)VALUES ('Michael.Moore@edu.com','53148881','57068216','23:12:56',TO_DATE('2024-03-14', 'YYYY-MM-DD'),'Laptop','12');
INSERT INTO FALL25_S0003_T1_Watch_History(Student_Email,Content_ID,Watch_ID,Watch_Time,Watch_Date,Device_Type,Duration)VALUES ('Martin.Nielsen@edu.com','12816010','56417567','17:23:15',TO_DATE('2024-06-06', 'YYYY-MM-DD'),'PC','90');
INSERT INTO FALL25_S0003_T1_Watches(Student_Email,Content_ID,Rating)VALUES ('Margaret.Garcia@edu.com','89306350','3');
INSERT INTO FALL25_S0003_T1_Watches(Student_Email,Content_ID,Rating)VALUES ('April.Murphy@edu.com','63518786','5');
INSERT INTO FALL25_S0003_T1_Watches(Student_Email,Content_ID,Rating)VALUES ('Jennifer.Garcia@edu.com','86628492','4');
INSERT INTO FALL25_S0003_T1_Watches(Student_Email,Content_ID,Rating)VALUES ('Donna.Wilson@edu.com','88838461','10');
INSERT INTO FALL25_S0003_T1_Watches(Student_Email,Content_ID,Rating)VALUES ('William.Rodriguez@edu.com','27958517','7');
INSERT INTO FALL25_S0003_T1_Watches(Student_Email,Content_ID,Rating)VALUES ('Thomas.Rocha@edu.com','31791638','8');
INSERT INTO FALL25_S0003_T1_Watches(Student_Email,Content_ID,Rating)VALUES ('Jacob.Day@edu.com','73247192','4');
INSERT INTO FALL25_S0003_T1_Watches(Student_Email,Content_ID,Rating)VALUES ('Paul.Simmons@edu.com','10945545','3');
INSERT INTO FALL25_S0003_T1_Watches(Student_Email,Content_ID,Rating)VALUES ('Michael.Moore@edu.com','53148881','10');
INSERT INTO FALL25_S0003_T1_Watches(Student_Email,Content_ID,Rating)VALUES ('Martin.Nielsen@edu.com','12816010','9');
INSERT INTO FALL25_S0003_T1_Favorite_Content(Content_ID,Student_Email)VALUES ('89306350','Margaret.Garcia@edu.com');
INSERT INTO FALL25_S0003_T1_Favorite_Content(Content_ID,Student_Email)VALUES ('63518786','April.Murphy@edu.com');
INSERT INTO FALL25_S0003_T1_Favorite_Content(Content_ID,Student_Email)VALUES ('86628492','Jennifer.Garcia@edu.com');
INSERT INTO FALL25_S0003_T1_Favorite_Content(Content_ID,Student_Email)VALUES ('88838461','Donna.Wilson@edu.com');
INSERT INTO FALL25_S0003_T1_Favorite_Content(Content_ID,Student_Email)VALUES ('27958517','William.Rodriguez@edu.com');
INSERT INTO FALL25_S0003_T1_Favorite_Content(Content_ID,Student_Email)VALUES ('31791638','Thomas.Rocha@edu.com');
INSERT INTO FALL25_S0003_T1_Favorite_Content(Content_ID,Student_Email)VALUES ('73247192','Jacob.Day@edu.com');
INSERT INTO FALL25_S0003_T1_Favorite_Content(Content_ID,Student_Email)VALUES ('10945545','Paul.Simmons@edu.com');
INSERT INTO FALL25_S0003_T1_Favorite_Content(Content_ID,Student_Email)VALUES ('53148881','Michael.Moore@edu.com');
INSERT INTO FALL25_S0003_T1_Favorite_Content(Content_ID,Student_Email)VALUES ('12816010','Martin.Nielsen@edu.com');
INSERT INTO FALL25_S0003_T1_Favorite_Genre(Genre,Student_Email)VALUES ('Mystery','Margaret.Garcia@edu.com');
INSERT INTO FALL25_S0003_T1_Favorite_Genre(Genre,Student_Email)VALUES ('Comedy','April.Murphy@edu.com');
INSERT INTO FALL25_S0003_T1_Favorite_Genre(Genre,Student_Email)VALUES ('Comedy','Jennifer.Garcia@edu.com');
INSERT INTO FALL25_S0003_T1_Favorite_Genre(Genre,Student_Email)VALUES ('Adventure','Donna.Wilson@edu.com');
INSERT INTO FALL25_S0003_T1_Favorite_Genre(Genre,Student_Email)VALUES ('Comedy','William.Rodriguez@edu.com');
INSERT INTO FALL25_S0003_T1_Favorite_Genre(Genre,Student_Email)VALUES ('Adventure','Thomas.Rocha@edu.com');
INSERT INTO FALL25_S0003_T1_Favorite_Genre(Genre,Student_Email)VALUES ('Western','Jacob.Day@edu.com');
INSERT INTO FALL25_S0003_T1_Favorite_Genre(Genre,Student_Email)VALUES ('Western','Paul.Simmons@edu.com');
INSERT INTO FALL25_S0003_T1_Favorite_Genre(Genre,Student_Email)VALUES ('Western','Michael.Moore@edu.com');
INSERT INTO FALL25_S0003_T1_Favorite_Genre(Genre,Student_Email)VALUES ('Drama','Martin.Nielsen@edu.com');
INSERT INTO Fall25_S0003_T1_Partnership_Information(Start_Date,End_Date,Discount,College_ID)VALUES (TO_DATE('2025-09-21', 'YYYY-MM-DD'), TO_DATE('2029-05-29', 'YYYY-MM-DD'),'$9,392.18','29762031');
INSERT INTO Fall25_S0003_T1_Partnership_Information(Start_Date,End_Date,Discount,College_ID)VALUES (TO_DATE('2025-08-25', 'YYYY-MM-DD'), TO_DATE('2028-08-16', 'YYYY-MM-DD'),'$520.96','96242639');
INSERT INTO Fall25_S0003_T1_Partnership_Information(Start_Date,End_Date,Discount,College_ID)VALUES (TO_DATE('2025-03-31', 'YYYY-MM-DD'), TO_DATE('2027-05-29', 'YYYY-MM-DD'),'$77,691.09','63460710');
INSERT INTO Fall25_S0003_T1_Partnership_Information(Start_Date,End_Date,Discount,College_ID)VALUES (TO_DATE('2024-04-18', 'YYYY-MM-DD'), TO_DATE('2026-03-01', 'YYYY-MM-DD'),'$7.37','52872052');
INSERT INTO Fall25_S0003_T1_Partnership_Information(Start_Date,End_Date,Discount,College_ID)VALUES (TO_DATE('2025-03-30', 'YYYY-MM-DD'), TO_DATE('2028-09-12', 'YYYY-MM-DD'),'$97,973.49','32100838');
INSERT INTO Fall25_S0003_T1_Partnership_Information(Start_Date,End_Date,Discount,College_ID)VALUES (TO_DATE('2025-08-08', 'YYYY-MM-DD'), TO_DATE('2028-06-25', 'YYYY-MM-DD'),'$4.44','22870712');
INSERT INTO Fall25_S0003_T1_Partnership_Information(Start_Date,End_Date,Discount,College_ID)VALUES (TO_DATE('2024-05-19', 'YYYY-MM-DD'), TO_DATE('2028-08-17', 'YYYY-MM-DD'),'$0.85','58483120');
INSERT INTO Fall25_S0003_T1_Partnership_Information(Start_Date,End_Date,Discount,College_ID)VALUES (TO_DATE('2025-04-10', 'YYYY-MM-DD'), TO_DATE('2027-10-28', 'YYYY-MM-DD'),'$99.96','57310671');
INSERT INTO Fall25_S0003_T1_Partnership_Information(Start_Date,End_Date,Discount,College_ID)VALUES (TO_DATE('2025-05-10', 'YYYY-MM-DD'), TO_DATE('2028-11-20', 'YYYY-MM-DD'),'$66,389.87','61761189');
INSERT INTO Fall25_S0003_T1_Partnership_Information(Start_Date,End_Date,Discount,College_ID)VALUES (TO_DATE('2025-02-17', 'YYYY-MM-DD'), TO_DATE('2029-04-22', 'YYYY-MM-DD'),'$1.99','06658284');
INSERT INTO Fall25_S0003_T1_Location(State,Zip_Code,City,Street_Address,College_ID)VALUES ('MT','09935','Lake Codyberg','043 Jason Streets Suite 746','29762031');
INSERT INTO Fall25_S0003_T1_Location(State,Zip_Code,City,Street_Address,College_ID)VALUES ('DC','90173','Jacobfurt','3888 Nicole Mission Apt. 772','96242639');
INSERT INTO Fall25_S0003_T1_Location(State,Zip_Code,City,Street_Address,College_ID)VALUES ('NM','77504','Taylorbury','6553 Justin Island Suite 858','63460710');
INSERT INTO Fall25_S0003_T1_Location(State,Zip_Code,City,Street_Address,College_ID)VALUES ('KY','07275','Samanthamouth','3313 Dorsey Drives Suite 719','52872052');
INSERT INTO Fall25_S0003_T1_Location(State,Zip_Code,City,Street_Address,College_ID)VALUES ('MA','25625','Kellieborough','076 Wood Divide Apt. 790','32100838');
INSERT INTO Fall25_S0003_T1_Location(State,Zip_Code,City,Street_Address,College_ID)VALUES ('NJ','95609','Lake Kellyshire','8052 Nicole Streets','22870712');
INSERT INTO Fall25_S0003_T1_Location(State,Zip_Code,City,Street_Address,College_ID)VALUES ('ID','39922','Rosetown','9936 Samantha Plains Suite 334','58483120');
INSERT INTO Fall25_S0003_T1_Location(State,Zip_Code,City,Street_Address,College_ID)VALUES ('MH','00722','Sergiofurt','333 Roy Alley','57310671');
INSERT INTO Fall25_S0003_T1_Location(State,Zip_Code,City,Street_Address,College_ID)VALUES ('AS','00637','Bartlettton','514 Porter Spring','61761189');
INSERT INTO Fall25_S0003_T1_Location(State,Zip_Code,City,Street_Address,College_ID)VALUES ('OK','63161','West Julie','9522 Lindsay Run Apt. 061','06658284');
INSERT INTO Fall25_S0003_T1_Genre(Genre,Content_ID)VALUES ('Western','89306350');
INSERT INTO Fall25_S0003_T1_Genre(Genre,Content_ID)VALUES ('Thiller','63518786');
INSERT INTO Fall25_S0003_T1_Genre(Genre,Content_ID)VALUES ('Western','86628492');
INSERT INTO Fall25_S0003_T1_Genre(Genre,Content_ID)VALUES ('Western','88838461');
INSERT INTO Fall25_S0003_T1_Genre(Genre,Content_ID)VALUES ('Adventure','27958517');
INSERT INTO Fall25_S0003_T1_Genre(Genre,Content_ID)VALUES ('Mystery','31791638');
INSERT INTO Fall25_S0003_T1_Genre(Genre,Content_ID)VALUES ('Thiller','73247192');
INSERT INTO Fall25_S0003_T1_Genre(Genre,Content_ID)VALUES ('Mystery','10945545');
INSERT INTO Fall25_S0003_T1_Genre(Genre,Content_ID)VALUES ('Romance','53148881');
INSERT INTO Fall25_S0003_T1_Genre(Genre,Content_ID)VALUES ('Drama','12816010');
INSERT INTO Fall25_S0003_T1_Language(Language,Content_ID)VALUES ('Arabic','89306350');
INSERT INTO Fall25_S0003_T1_Language(Language,Content_ID)VALUES ('English','63518786');
INSERT INTO Fall25_S0003_T1_Language(Language,Content_ID)VALUES ('Hindi','86628492');
INSERT INTO Fall25_S0003_T1_Language(Language,Content_ID)VALUES ('German','88838461');
INSERT INTO Fall25_S0003_T1_Language(Language,Content_ID)VALUES ('English','27958517');
INSERT INTO Fall25_S0003_T1_Language(Language,Content_ID)VALUES ('English','31791638');
INSERT INTO Fall25_S0003_T1_Language(Language,Content_ID)VALUES ('German','73247192');
INSERT INTO Fall25_S0003_T1_Language(Language,Content_ID)VALUES ('Portuguese','10945545');
INSERT INTO Fall25_S0003_T1_Language(Language,Content_ID)VALUES ('Hindi','53148881');
INSERT INTO Fall25_S0003_T1_Language(Language,Content_ID)VALUES ('Hindi','12816010');
