INSERT INTO Fall25_S0003_T1_College (Name, College_ID, Phone, Email) VALUES ('Blackmouth University', '73374978', '4229858873', 'BlackmouthUniversity@edu.com');
INSERT INTO Fall25_S0003_T1_College (Name, College_ID, Phone, Email) VALUES ('Richardland University', '05455144', '5170408128', 'RichardlandUniversity@edu.com');
INSERT INTO Fall25_S0003_T1_College (Name, College_ID, Phone, Email) VALUES ('East Michael University', '25945382', '8355624659', 'EastMichaelUniversity@edu.com');
INSERT INTO Fall25_S0003_T1_College (Name, College_ID, Phone, Email) VALUES ('Kevinmouth University', '29334231', '7788027216', 'KevinmouthUniversity@edu.com');
INSERT INTO Fall25_S0003_T1_College (Name, College_ID, Phone, Email) VALUES ('Clementshaven University', '36198779', '7861132966', 'ClementshavenUniversity@edu.com');
INSERT INTO Fall25_S0003_T1_College (Name, College_ID, Phone, Email) VALUES ('Aguilarburgh University', '89157012', '9914545580', 'AguilarburghUniversity@edu.com');
INSERT INTO Fall25_S0003_T1_College (Name, College_ID, Phone, Email) VALUES ('North Charlesmouth University', '42359452', '4861494419', 'NorthCharlesmouthUniversity@edu.com');
INSERT INTO Fall25_S0003_T1_College (Name, College_ID, Phone, Email) VALUES ('Port Troy University', '10386725', '8275550530', 'PortTroyUniversity@edu.com');
INSERT INTO Fall25_S0003_T1_College (Name, College_ID, Phone, Email) VALUES ('Royborough University', '19664990', '5332501639', 'RoyboroughUniversity@edu.com');
INSERT INTO Fall25_S0003_T1_College (Name, College_ID, Phone, Email) VALUES ('Port Ryanberg University', '39347348', '5515114356', 'PortRyanbergUniversity@edu.com');
INSERT INTO FALL25_S0003_T1_Student(Name,Email,College_ID,Student_ID,Acad_Status,Major)VALUES ('Jonathan Caldwell','Jonathan.Caldwell@edu.com','73374978','41757479','Masters','Lawyer');
INSERT INTO FALL25_S0003_T1_Student(Name,Email,College_ID,Student_ID,Acad_Status,Major)VALUES ('Christina Richardson','Christina.Richardson@edu.com','05455144','23880537','Associate','History');
INSERT INTO FALL25_S0003_T1_Student(Name,Email,College_ID,Student_ID,Acad_Status,Major)VALUES ('Cynthia Alexander','Cynthia.Alexander@edu.com','25945382','07142348','Bachelor','Bussiness');
INSERT INTO FALL25_S0003_T1_Student(Name,Email,College_ID,Student_ID,Acad_Status,Major)VALUES ('Richard Morris','Richard.Morris@edu.com','29334231','55746074','PHD','NULL');
INSERT INTO FALL25_S0003_T1_Student(Name,Email,College_ID,Student_ID,Acad_Status,Major)VALUES ('Kevin Butler','Kevin.Butler@edu.com','36198779','13943250','PHD','Art');
INSERT INTO FALL25_S0003_T1_Student(Name,Email,College_ID,Student_ID,Acad_Status,Major)VALUES ('Diana Grimes','Diana.Grimes@edu.com','89157012','61312761','PHD','History');
INSERT INTO FALL25_S0003_T1_Student(Name,Email,College_ID,Student_ID,Acad_Status,Major)VALUES ('Courtney Oliver','Courtney.Oliver@edu.com','42359452','60147043','Associate','Biology');
INSERT INTO FALL25_S0003_T1_Student(Name,Email,College_ID,Student_ID,Acad_Status,Major)VALUES ('Michelle Rogers','Michelle.Rogers@edu.com','10386725','39562965','Associate','Bussiness');
INSERT INTO FALL25_S0003_T1_Student(Name,Email,College_ID,Student_ID,Acad_Status,Major)VALUES ('Blake Lucas','Blake.Lucas@edu.com','19664990','99809056','Bachelor','History');
INSERT INTO FALL25_S0003_T1_Student(Name,Email,College_ID,Student_ID,Acad_Status,Major)VALUES ('Johnny Pena','Johnny.Pena@edu.com','39347348','26868497','Associate','Art');
INSERT INTO FALL25_S0003_T1_Content_Provider(Name,Content_ID,Phone,Email)VALUES ('Fernandez, Bowman and Sparks','87926047','3153095296','Fernandez.Bowman.and.Sparks@bussines.com');
INSERT INTO FALL25_S0003_T1_Content_Provider(Name,Content_ID,Phone,Email)VALUES ('Larson, Luna and Fuller','26497588','3985107214','Larson.Luna.and.Fuller@bussines.com');
INSERT INTO FALL25_S0003_T1_Content_Provider(Name,Content_ID,Phone,Email)VALUES ('Schultz Group','25770025','2067436324','Schultz.Group@bussines.com');
INSERT INTO FALL25_S0003_T1_Content_Provider(Name,Content_ID,Phone,Email)VALUES ('Obrien, Bishop and Lane','73159923','6764809360','Obrien.Bishop.and.Lane@bussines.com');
INSERT INTO FALL25_S0003_T1_Content_Provider(Name,Content_ID,Phone,Email)VALUES ('Parker-Jensen','53123226','6664061654','Parker-Jensen@bussines.com');
INSERT INTO FALL25_S0003_T1_Content_Provider(Name,Content_ID,Phone,Email)VALUES ('Holder-Lyons','84852415','3118746988','Holder-Lyons@bussines.com');
INSERT INTO FALL25_S0003_T1_Content_Provider(Name,Content_ID,Phone,Email)VALUES ('Fritz-Turner','04901267','3036692873','Fritz-Turner@bussines.com');
INSERT INTO FALL25_S0003_T1_Content_Provider(Name,Content_ID,Phone,Email)VALUES ('Ward, Kent and Jimenez','60866062','2131646703','Ward.Kent.and.Jimenez@bussines.com');
INSERT INTO FALL25_S0003_T1_Content_Provider(Name,Content_ID,Phone,Email)VALUES ('Sanders LLC','14132289','7713110011','Sanders.LLC@bussines.com');
INSERT INTO FALL25_S0003_T1_Content_Provider(Name,Content_ID,Phone,Email)VALUES ('Wells, Elliott and Walker','49114874','4843926875','Wells.Elliott.and.Walker@bussines.com');
INSERT INTO FALL25_S0003_T1_License(License_ID,Provider_ID,License_Type,License_Cost,Start_Date,End_Date,Renew_Terms)VALUES ('76356920','87926047','Fixed','$42.42',TO_DATE('1997-02-10', 'YYYY-MM-DD'), TO_DATE('2018-11-24', 'YYYY-MM-DD'),'Automatic Renewal');
INSERT INTO FALL25_S0003_T1_License(License_ID,Provider_ID,License_Type,License_Cost,Start_Date,End_Date,Renew_Terms)VALUES ('27292378','26497588','Time-based','$6.54',TO_DATE('2001-10-06', 'YYYY-MM-DD'), TO_DATE('2020-03-29', 'YYYY-MM-DD'),'Automatic Renewal');
INSERT INTO FALL25_S0003_T1_License(License_ID,Provider_ID,License_Type,License_Cost,Start_Date,End_Date,Renew_Terms)VALUES ('06196468','25770025','Fixed','$85,113.31',TO_DATE('2001-06-12', 'YYYY-MM-DD'), TO_DATE('2019-09-09', 'YYYY-MM-DD'),'NULL');
INSERT INTO FALL25_S0003_T1_License(License_ID,Provider_ID,License_Type,License_Cost,Start_Date,End_Date,Renew_Terms)VALUES ('03182825','73159923','Revenue-sharing','$12.93',TO_DATE('2002-03-16', 'YYYY-MM-DD'), TO_DATE('2012-01-06', 'YYYY-MM-DD'),'NULL');
INSERT INTO FALL25_S0003_T1_License(License_ID,Provider_ID,License_Type,License_Cost,Start_Date,End_Date,Renew_Terms)VALUES ('38703435','53123226','Revenue-sharing','$238.76',TO_DATE('1996-07-22', 'YYYY-MM-DD'), TO_DATE('2023-12-23', 'YYYY-MM-DD'),'NULL');
INSERT INTO FALL25_S0003_T1_License(License_ID,Provider_ID,License_Type,License_Cost,Start_Date,End_Date,Renew_Terms)VALUES ('31409919','84852415','Fixed','$853.98',TO_DATE('2002-03-30', 'YYYY-MM-DD'), TO_DATE('2014-08-01', 'YYYY-MM-DD'),'No renewal');
INSERT INTO FALL25_S0003_T1_License(License_ID,Provider_ID,License_Type,License_Cost,Start_Date,End_Date,Renew_Terms)VALUES ('12824553','04901267','Time-based','$5,049.02',TO_DATE('2004-08-28', 'YYYY-MM-DD'), TO_DATE('2023-09-11', 'YYYY-MM-DD'),'NULL');
INSERT INTO FALL25_S0003_T1_License(License_ID,Provider_ID,License_Type,License_Cost,Start_Date,End_Date,Renew_Terms)VALUES ('63479254','60866062','Time-based','$1,308.40',TO_DATE('2000-11-06', 'YYYY-MM-DD'), TO_DATE('2021-11-17', 'YYYY-MM-DD'),'NULL');
INSERT INTO FALL25_S0003_T1_License(License_ID,Provider_ID,License_Type,License_Cost,Start_Date,End_Date,Renew_Terms)VALUES ('21252874','14132289','Fixed','$3.94',TO_DATE('2004-10-22', 'YYYY-MM-DD'), TO_DATE('2013-04-13', 'YYYY-MM-DD'),'No renewal');
INSERT INTO FALL25_S0003_T1_License(License_ID,Provider_ID,License_Type,License_Cost,Start_Date,End_Date,Renew_Terms)VALUES ('02071296','49114874','Revenue-sharing','$6.39',TO_DATE('1997-10-03', 'YYYY-MM-DD'), TO_DATE('2012-11-05', 'YYYY-MM-DD'),'One time renewal');
INSERT INTO FALL25_S0003_T1_Content(Title,Content_ID,License_ID,Maturity,Type,Seasons,Episodes,Year,Duration)VALUES ('Enterprise-wide dedicated flexibility', '87926047', '76356920', 'TV-G', 'TV Shows', 'Eight', '90', '2022', '12');
INSERT INTO FALL25_S0003_T1_Content(Title,Content_ID,License_ID,Maturity,Type,Seasons,Episodes,Year,Duration)VALUES ('Managed responsive flexibility', '26497588', '27292378', 'TV-PG', 'Movie', 'Seven', '24', '2023', '90');
INSERT INTO FALL25_S0003_T1_Content(Title,Content_ID,License_ID,Maturity,Type,Seasons,Episodes,Year,Duration)VALUES ('Persistent mobile system engine', '25770025', '06196468', 'TV-MA', 'TV Shows', 'Eight', '120', '2011', '12');
INSERT INTO FALL25_S0003_T1_Content(Title,Content_ID,License_ID,Maturity,Type,Seasons,Episodes,Year,Duration)VALUES ('Expanded local pricing structure', '73159923', '03182825', 'TV-MA', 'Movie', 'Six', '32', '2023', '60');
INSERT INTO FALL25_S0003_T1_Content(Title,Content_ID,License_ID,Maturity,Type,Seasons,Episodes,Year,Duration)VALUES ('Versatile needs-based superstructure', '53123226', '38703435', 'TV-PG', 'TV Shows', 'Three', '60', '1998', '90');
INSERT INTO FALL25_S0003_T1_Content(Title,Content_ID,License_ID,Maturity,Type,Seasons,Episodes,Year,Duration)VALUES ('Operative didactic concept', '84852415', '31409919', 'TV-MA', 'Movie', 'Six', '1', '2013', '24');
INSERT INTO FALL25_S0003_T1_Content(Title,Content_ID,License_ID,Maturity,Type,Seasons,Episodes,Year,Duration)VALUES ('Intuitive 6thgeneration paradigm', '04901267', '12824553', 'TV-Y', 'Movie', 'One', '90', '2007', '90');
INSERT INTO FALL25_S0003_T1_Content(Title,Content_ID,License_ID,Maturity,Type,Seasons,Episodes,Year,Duration)VALUES ('Configurable impactful algorithm', '60866062', '63479254', 'TV-G', 'Seasons', 'Four', '32', '2016', '32');
INSERT INTO FALL25_S0003_T1_Content(Title,Content_ID,License_ID,Maturity,Type,Seasons,Episodes,Year,Duration)VALUES ('Centralized national capacity', '14132289', '21252874', 'TV-MA', 'TV Shows', 'Six', '12', '1987', '120');
INSERT INTO FALL25_S0003_T1_Content(Title,Content_ID,License_ID,Maturity,Type,Seasons,Episodes,Year,Duration)VALUES ('Future-proofed grid-enabled application', '49114874', '02071296', 'TV-PG', 'Seasons', 'Six', '24', '1965', '90');
INSERT INTO FALL25_S0003_T1_Watch_History(Student_Email,Content_ID,Watch_ID,Watch_Time,Watch_Date,Device_Type,Duration)VALUES ('Jonathan.Caldwell@edu.com','87926047','61923449','11:53:24',TO_DATE('2024-10-08', 'YYYY-MM-DD'),'Android','12');
INSERT INTO FALL25_S0003_T1_Watch_History(Student_Email,Content_ID,Watch_ID,Watch_Time,Watch_Date,Device_Type,Duration)VALUES ('Christina.Richardson@edu.com','26497588','20921808','14:18:33',TO_DATE('2024-03-26', 'YYYY-MM-DD'),'PC','12');
INSERT INTO FALL25_S0003_T1_Watch_History(Student_Email,Content_ID,Watch_ID,Watch_Time,Watch_Date,Device_Type,Duration)VALUES ('Cynthia.Alexander@edu.com','25770025','68236195','05:16:29',TO_DATE('2025-02-11', 'YYYY-MM-DD'),'Laptop','12');
INSERT INTO FALL25_S0003_T1_Watch_History(Student_Email,Content_ID,Watch_ID,Watch_Time,Watch_Date,Device_Type,Duration)VALUES ('Richard.Morris@edu.com','73159923','41070899','21:37:56',TO_DATE('2024-04-20', 'YYYY-MM-DD'),'Iphone','240');
INSERT INTO FALL25_S0003_T1_Watch_History(Student_Email,Content_ID,Watch_ID,Watch_Time,Watch_Date,Device_Type,Duration)VALUES ('Kevin.Butler@edu.com','53123226','59738294','12:15:16',TO_DATE('2025-01-05', 'YYYY-MM-DD'),'Iphone','240');
INSERT INTO FALL25_S0003_T1_Watch_History(Student_Email,Content_ID,Watch_ID,Watch_Time,Watch_Date,Device_Type,Duration)VALUES ('Diana.Grimes@edu.com','84852415','37321286','23:43:11',TO_DATE('2024-03-01', 'YYYY-MM-DD'),'Android','24');
INSERT INTO FALL25_S0003_T1_Watch_History(Student_Email,Content_ID,Watch_ID,Watch_Time,Watch_Date,Device_Type,Duration)VALUES ('Courtney.Oliver@edu.com','04901267','43613210','07:41:08',TO_DATE('2025-11-07', 'YYYY-MM-DD'),'Laptop','120');
INSERT INTO FALL25_S0003_T1_Watch_History(Student_Email,Content_ID,Watch_ID,Watch_Time,Watch_Date,Device_Type,Duration)VALUES ('Michelle.Rogers@edu.com','60866062','14599100','22:13:16',TO_DATE('2024-01-19', 'YYYY-MM-DD'),'Android','12');
INSERT INTO FALL25_S0003_T1_Watch_History(Student_Email,Content_ID,Watch_ID,Watch_Time,Watch_Date,Device_Type,Duration)VALUES ('Blake.Lucas@edu.com','14132289','70474014','05:41:38',TO_DATE('2025-09-20', 'YYYY-MM-DD'),'PC','32');
INSERT INTO FALL25_S0003_T1_Watch_History(Student_Email,Content_ID,Watch_ID,Watch_Time,Watch_Date,Device_Type,Duration)VALUES ('Johnny.Pena@edu.com','49114874','15735434','18:23:43',TO_DATE('2024-07-05', 'YYYY-MM-DD'),'Android','32');
INSERT INTO FALL25_S0003_T1_Watches(Student_Email,Content_ID,Rating)VALUES ('Jonathan.Caldwell@edu.com','87926047','8');
INSERT INTO FALL25_S0003_T1_Watches(Student_Email,Content_ID,Rating)VALUES ('Christina.Richardson@edu.com','26497588','10');
INSERT INTO FALL25_S0003_T1_Watches(Student_Email,Content_ID,Rating)VALUES ('Cynthia.Alexander@edu.com','25770025','7');
INSERT INTO FALL25_S0003_T1_Watches(Student_Email,Content_ID,Rating)VALUES ('Richard.Morris@edu.com','73159923','9');
INSERT INTO FALL25_S0003_T1_Watches(Student_Email,Content_ID,Rating)VALUES ('Kevin.Butler@edu.com','53123226','6');
INSERT INTO FALL25_S0003_T1_Watches(Student_Email,Content_ID,Rating)VALUES ('Diana.Grimes@edu.com','84852415','6');
INSERT INTO FALL25_S0003_T1_Watches(Student_Email,Content_ID,Rating)VALUES ('Courtney.Oliver@edu.com','04901267','1');
INSERT INTO FALL25_S0003_T1_Watches(Student_Email,Content_ID,Rating)VALUES ('Michelle.Rogers@edu.com','60866062','1');
INSERT INTO FALL25_S0003_T1_Watches(Student_Email,Content_ID,Rating)VALUES ('Blake.Lucas@edu.com','14132289','10');
INSERT INTO FALL25_S0003_T1_Watches(Student_Email,Content_ID,Rating)VALUES ('Johnny.Pena@edu.com','49114874','2');
